"Booking_ID","number.of.adults","number.of.children","number.of.weekend.nights","number.of.week.nights","type.of.meal","car.parking.space","room.type","lead.time","market.segment.type","repeated","P.C","P.not.C","average.price","special.requests","date.of.reservation","booking.status"
"BID19169","2","0","1","0","Meal Plan 1","0","Room_Type 1","0","Online","0","0","0","115","1","43016","Not_Canceled"
"BID26830","2","0","1","4","Meal Plan 1","0","Room_Type 1","11","Online","0","0","0","90","2","8/17/2017","Canceled"
"BID00278","1","0","2","1","Meal Plan 1","0","Room_Type 1","33","Online","0","0","0","82.9","2","43223","Not_Canceled"
"BID22091","2","0","0","1","Meal Plan 2","0","Room_Type 1","55","Offline","0","0","0","104","0","43255","Not_Canceled"
"BID17706","2","1","0","2","Meal Plan 1","0","Room_Type 1","138","Online","0","0","0","139.5","1","43351","Not_Canceled"
"BID32402","3","0","0","3","Meal Plan 1","0","Room_Type 4","160","Online","0","0","0","137.7","0","7/14/2018","Canceled"
"BID22733","1","0","1","1","Meal Plan 1","0","Room_Type 1","3","Online","1","0","1","89.5","1","12/19/2018","Not_Canceled"
"BID35379","2","0","0","3","Meal Plan 1","0","Room_Type 1","107","Offline","0","0","0","58","0","3/17/2018","Not_Canceled"
"BID18684","1","0","1","1","Meal Plan 1","0","Room_Type 4","17","Online","0","0","0","114.73","1","43443","Not_Canceled"
"BID15576","2","0","0","3","Meal Plan 1","0","Room_Type 1","18","Online","0","0","0","12","2","42775","Not_Canceled"
"BID17156","3","0","2","1","Meal Plan 1","0","Room_Type 1","221","Offline","0","0","0","90","0","10/17/2017","Not_Canceled"
"BID34201","2","1","2","5","Meal Plan 2","0","Room_Type 1","184","Online","0","0","0","173.25","1","43139","Canceled"
"BID03131","2","0","2","1","Meal Plan 1","0","Room_Type 1","48","Online","0","0","0","92.83","2","5/22/2018","Not_Canceled"
"BID32999","2","0","0","2","Meal Plan 1","0","Room_Type 1","1","Corporate","0","0","0","90","1","43291","Not_Canceled"
"BID08817","2","0","2","1","Meal Plan 2","0","Room_Type 1","122","Offline","0","0","0","107","1","3/27/2018","Not_Canceled"
"BID33938","2","0","0","1","Meal Plan 1","0","Room_Type 1","0","Corporate","0","0","0","73","1","11/30/2018","Not_Canceled"
"BID35647","2","1","1","2","Meal Plan 1","0","Room_Type 1","4","Online","0","0","0","128","1","3/21/2018","Not_Canceled"
"BID10396","2","2","2","9","Meal Plan 1","0","Room_Type 2","252","Online","0","0","0","148.58","2","12/28/2018","Canceled"
"BID05973","2","0","2","6","Meal Plan 1","0","Room_Type 1","26","Offline","0","0","0","56.25","1","9/15/2017","Not_Canceled"
"BID28886","2","0","0","2","Meal Plan 1","0","Room_Type 1","27","Offline","0","0","0","108","0","9/30/2017","Not_Canceled"
"BID31956","1","0","2","1","Meal Plan 2","0","Room_Type 1","80","Offline","0","0","0","100","0","43377","Canceled"
"BID31602","2","1","1","4","Meal Plan 1","0","Room_Type 1","81","Online","0","0","0","135.15","2","43348","Canceled"
"BID06427","2","0","0","3","Meal Plan 1","0","Room_Type 1","1","Offline","0","0","0","82","1","3/15/2018","Not_Canceled"
"BID25200","2","0","2","1","Not Selected","0","Room_Type 1","8","Online","0","0","0","126.67","1","10/29/2018","Not_Canceled"
"BID25176","3","0","2","1","Meal Plan 1","0","Room_Type 4","197","Online","0","0","0","128.7","0","10/29/2018","Canceled"
"BID13173","2","0","0","5","Meal Plan 1","0","Room_Type 1","129","Online","0","0","0","83.61","2","43351","Not_Canceled"
"BID23459","1","0","0","2","Meal Plan 2","0","Room_Type 1","102","Offline","0","0","0","80","0","10/16/2017","Canceled"
"BID14304","2","0","0","2","Meal Plan 2","0","Room_Type 1","265","Offline","0","0","0","115","1","6/24/2018","Canceled"
"BID04154","2","0","0","1","Not Selected","0","Room_Type 1","0","Online","0","0","0","69.01","0","43349","Not_Canceled"
"BID27125","2","0","0","2","Meal Plan 1","1","Room_Type 1","30","Online","0","0","0","144.9","1","43228","Not_Canceled"
"BID21754","3","0","2","4","Meal Plan 2","0","Room_Type 4","85","Online","0","0","0","201.6","1","8/19/2018","Not_Canceled"
"BID32990","2","0","1","3","Meal Plan 1","0","Room_Type 4","21","Online","0","0","0","131.35","1","12/29/2018","Not_Canceled"
"BID32936","3","0","0","2","Meal Plan 1","0","Room_Type 4","55","Online","0","0","0","168.3","2","9/28/2018","Not_Canceled"
"BID07821","2","0","2","1","Meal Plan 1","0","Room_Type 1","221","Offline","0","0","0","65","0","43018","Not_Canceled"
"BID17071","2","0","2","2","Not Selected","0","Room_Type 1","10","Online","0","0","0","139","2","43289","Not_Canceled"
"BID02687","2","0","0","3","Meal Plan 1","0","Room_Type 1","22","Online","0","0","0","90.95","1","11/17/2017","Not_Canceled"
"BID21167","2","0","0","1","Meal Plan 1","0","Room_Type 1","27","Offline","0","0","0","120","0","43349","Not_Canceled"
"BID22020","2","0","0","1","Meal Plan 1","0","Room_Type 1","11","Online","0","0","0","90","2","8/29/2017","Not_Canceled"
"BID13731","2","0","2","3","Meal Plan 1","0","Room_Type 1","46","Offline","0","0","0","86.5","0","5/19/2018","Not_Canceled"
"BID25260","2","0","0","2","Meal Plan 1","0","Room_Type 1","56","Online","0","0","0","93.6","1","11/25/2018","Canceled"
"BID20376","1","0","0","2","Meal Plan 1","0","Room_Type 1","188","Offline","0","0","0","130","0","6/15/2018","Canceled"
"BID26774","2","1","0","2","Meal Plan 1","0","Room_Type 1","4","Online","0","0","0","151.5","0","43291","Not_Canceled"
"BID34765","2","0","1","1","Meal Plan 1","0","Room_Type 1","1","Offline","0","0","0","116","1","43018","Not_Canceled"
"BID05688","2","0","2","1","Not Selected","0","Room_Type 1","55","Online","0","0","0","116.1","0","5/21/2018","Canceled"
"BID15905","2","0","1","3","Meal Plan 1","0","Room_Type 1","66","Online","0","0","0","179.1","2","43292","Not_Canceled"
"BID11525","1","0","0","1","Meal Plan 1","0","Room_Type 1","1","Corporate","0","0","0","65","0","43104","Not_Canceled"
"BID15227","2","0","2","3","Meal Plan 1","0","Room_Type 1","210","Online","0","0","0","90.95","1","43289","Not_Canceled"
"BID29844","3","0","2","2","Meal Plan 1","0","Room_Type 4","94","Online","0","0","0","119","1","12/23/2018","Not_Canceled"
"BID11159","2","0","2","0","Not Selected","0","Room_Type 1","72","Online","0","0","0","79.2","3","11/13/2018","Not_Canceled"
"BID31537","2","0","0","3","Meal Plan 1","0","Room_Type 1","213","Offline","0","0","0","130","0","43287","Canceled"
"BID18752","2","1","0","3","Meal Plan 1","0","Room_Type 6","70","Online","0","0","0","156.6","2","43324","Not_Canceled"
"BID12974","2","0","2","2","Meal Plan 1","0","Room_Type 4","187","Online","0","0","0","122.4","1","43110","Canceled"
"BID26417","1","0","2","5","Meal Plan 1","0","Room_Type 1","14","Online","0","0","0","90.1","0","43263","Not_Canceled"
"BID23274","2","0","0","1","Not Selected","0","Room_Type 1","2","Online","0","0","0","92.98","0","43414","Not_Canceled"
"BID00317","2","0","0","2","Meal Plan 2","0","Room_Type 1","79","Offline","0","0","0","109","0","6/24/2018","Not_Canceled"
"BID01899","2","0","0","3","Meal Plan 1","0","Room_Type 1","13","Online","0","0","0","105","1","11/17/2018","Not_Canceled"
"BID26315","1","0","2","1","Meal Plan 2","0","Room_Type 1","220","Offline","0","0","0","128","0","9/17/2018","Canceled"
"BID30366","2","0","1","3","Meal Plan 1","0","Room_Type 1","63","Offline","0","0","0","75","0","11/28/2018","Not_Canceled"
"BID30584","2","0","2","1","Meal Plan 1","0","Room_Type 4","15","Online","0","0","0","146","1","6/26/2018","Not_Canceled"
"BID19628","2","0","2","2","Meal Plan 1","0","Room_Type 1","18","Online","0","0","0","111.75","0","42776","Not_Canceled"
"BID33562","2","1","2","1","Meal Plan 1","0","Room_Type 1","28","Online","0","0","0","115.03","1","4/17/2018","Canceled"
"BID15338","1","0","0","2","Meal Plan 2","0","Room_Type 1","102","Offline","0","0","0","87","0","10/16/2017","Not_Canceled"
"BID17362","2","0","0","2","Meal Plan 1","0","Room_Type 1","27","Offline","0","0","0","108","0","9/30/2017","Not_Canceled"
"BID35950","2","0","0","0","Meal Plan 1","0","Room_Type 1","30","Online","0","0","0","0","0","42957","Not_Canceled"
"BID03691","2","0","2","2","Meal Plan 1","0","Room_Type 4","38","Offline","0","0","0","75.8","0","2/21/2018","Not_Canceled"
"BID11913","2","0","0","2","Meal Plan 2","0","Room_Type 1","14","Offline","0","0","0","82","0","9/17/2017","Not_Canceled"
"BID24127","2","0","0","1","Not Selected","0","Room_Type 1","17","Online","0","0","0","81","0","2/25/2018","Not_Canceled"
"BID06054","3","0","0","2","Meal Plan 1","0","Room_Type 4","142","Online","0","0","0","128.7","1","43107","Not_Canceled"
"BID31660","2","0","0","3","Meal Plan 2","0","Room_Type 1","36","Offline","0","0","0","112","0","10/13/2017","Not_Canceled"
"BID18790","2","0","2","3","Meal Plan 1","0","Room_Type 1","6","Online","0","0","0","96.4","0","8/21/2017","Not_Canceled"
"BID14755","1","0","2","2","Meal Plan 1","0","Room_Type 1","163","Offline","0","0","0","100","0","43226","Canceled"
"BID24063","2","0","0","2","Meal Plan 2","0","Room_Type 1","377","Offline","0","0","0","115","1","10/14/2018","Canceled"
"BID12153","3","0","2","1","Meal Plan 1","0","Room_Type 4","87","Online","0","0","0","141.9","0","10/23/2018","Not_Canceled"
"BID07416","2","0","1","0","Not Selected","0","Room_Type 1","1","Online","0","0","0","56.47","0","43317","Not_Canceled"
"BID05590","2","0","1","3","Meal Plan 1","0","Room_Type 1","199","Online","0","0","0","106.2","1","4/14/2018","Canceled"
"BID10971","1","0","1","3","Meal Plan 1","0","Room_Type 1","12","Corporate","0","0","0","95","0","43079","Not_Canceled"
"BID13422","2","0","2","1","Not Selected","0","Room_Type 1","89","Online","0","0","0","79.5","0","43347","Not_Canceled"
"BID20504","2","0","0","2","Meal Plan 2","0","Room_Type 1","74","Offline","0","0","0","101.5","0","9/18/2017","Not_Canceled"
"BID23364","2","1","0","1","Meal Plan 1","0","Room_Type 1","9","Online","0","0","0","169","0","7/23/2018","Canceled"
"BID36048","2","2","0","2","Meal Plan 1","0","Room_Type 6","145","Online","0","0","0","186.3","1","43412","Not_Canceled"
"BID34514","2","0","0","2","Meal Plan 1","0","Room_Type 1","71","Offline","0","0","0","75","0","11/25/2018","Not_Canceled"
"BID15744","2","0","0","1","Meal Plan 1","0","Room_Type 1","122","Online","0","0","0","105.3","0","43409","Canceled"
"BID32804","2","0","0","2","Not Selected","0","Room_Type 1","16","Online","0","0","0","91.5","1","43143","Not_Canceled"
"BID24632","2","0","0","4","Meal Plan 1","0","Room_Type 1","280","Online","0","0","0","73.95","1","11/16/2018","Canceled"
"BID03003","2","0","0","2","Not Selected","0","Room_Type 1","46","Online","0","0","0","119.5","2","10/25/2018","Not_Canceled"
"BID32526","2","0","1","5","Meal Plan 1","0","Room_Type 1","90","Online","0","0","0","114.3","0","6/28/2018","Canceled"
"BID01250","2","0","0","1","Not Selected","0","Room_Type 1","191","Online","0","0","0","71.1","0","11/25/2018","Canceled"
"BID00266","2","0","2","5","Not Selected","0","Room_Type 1","53","Online","0","0","0","66.53","2","42775","Not_Canceled"
"BID07933","1","0","0","3","Meal Plan 1","0","Room_Type 1","166","Offline","0","0","0","110","0","43111","Canceled"
"BID13511","2","0","0","3","Meal Plan 1","0","Room_Type 1","53","Online","0","0","0","109.8","0","8/30/2018","Canceled"
"BID16712","2","0","2","3","Meal Plan 1","0","Room_Type 1","93","Online","0","0","0","76.5","2","8/15/2017","Canceled"
"BID04843","2","0","0","1","Meal Plan 1","0","Room_Type 2","1","Online","0","0","0","77.25","0","12/19/2017","Not_Canceled"
"BID11066","2","0","1","2","Meal Plan 1","0","Room_Type 1","302","Offline","0","0","0","100","0","9/16/2018","Canceled"
"BID06144","3","0","1","3","Meal Plan 1","0","Room_Type 4","60","Online","0","0","0","130.48","0","4/25/2018","Not_Canceled"
"BID00149","2","0","0","1","Meal Plan 1","0","Room_Type 1","56","Offline","0","0","0","120","0","43318","Not_Canceled"
"BID24855","2","0","1","3","Meal Plan 1","0","Room_Type 4","270","Online","0","0","0","108.8","1","9/29/2018","Canceled"
"BID07790","2","0","0","4","Meal Plan 2","0","Room_Type 1","323","Offline","0","0","0","112","1","5/17/2018","Canceled"
"BID28416","2","0","1","2","Meal Plan 1","0","Room_Type 1","230","Online","0","0","0","96.3","1","43140","Not_Canceled"
"BID10176","2","1","0","1","Meal Plan 1","0","Room_Type 1","0","Online","0","0","0","159","0","43107","Not_Canceled"
"BID15532","3","0","0","2","Meal Plan 1","0","Room_Type 4","55","Online","0","0","0","159.3","0","43137","Canceled"
"BID16106","1","0","1","1","Meal Plan 1","0","Room_Type 1","49","Online","0","0","0","76.5","0","3/14/2018","Canceled"
"BID15424","2","0","2","1","Meal Plan 1","0","Room_Type 1","228","Online","0","0","0","87.9","0","10/30/2018","Canceled"
"BID34225","2","0","2","3","Meal Plan 1","0","Room_Type 1","112","Offline","0","0","0","72.25","1","43288","Not_Canceled"
"BID36017","2","1","0","1","Meal Plan 1","0","Room_Type 1","11","Online","0","0","0","138.5","1","43139","Not_Canceled"
"BID00094","2","0","0","1","Meal Plan 1","0","Room_Type 4","92","Online","0","0","0","149.4","1","5/19/2018","Not_Canceled"
"BID28592","2","0","0","3","Meal Plan 1","0","Room_Type 1","104","Offline","0","0","0","75","0","42806","Not_Canceled"
"BID26003","2","0","1","3","Meal Plan 1","0","Room_Type 1","90","Online","0","0","0","82.45","1","43194","Not_Canceled"
"BID12378","2","0","1","2","Meal Plan 1","0","Room_Type 1","168","Offline","0","0","0","85","0","4/22/2018","Canceled"
"BID26063","3","0","1","3","Not Selected","0","Room_Type 1","83","Online","0","0","0","97.75","1","3/21/2018","Not_Canceled"
"BID17010","1","0","2","1","Meal Plan 1","0","Room_Type 1","116","Offline","0","0","0","61","0","2/28/2018","Canceled"
"BID30924","2","0","1","1","Meal Plan 1","0","Room_Type 4","72","Online","0","0","0","96.3","1","43135","Not_Canceled"
"BID31148","2","0","1","3","Not Selected","0","Room_Type 1","40","Online","0","0","0","74.8","0","43112","Canceled"
"BID10116","2","0","0","2","Not Selected","0","Room_Type 1","23","Online","0","0","0","88","2","11/17/2018","Not_Canceled"
"BID24445","2","0","1","3","Meal Plan 1","0","Room_Type 1","48","Online","0","0","0","94.5","1","10/19/2017","Not_Canceled"
"BID35659","1","0","0","3","Meal Plan 1","0","Room_Type 1","0","Corporate","1","0","3","65","1","5/17/2018","Not_Canceled"
"BID08001","2","2","1","3","Meal Plan 1","0","Room_Type 6","3","Online","0","0","0","183","1","2018-2-29","Not_Canceled"
"BID06818","2","0","0","3","Meal Plan 1","0","Room_Type 1","86","Online","0","0","0","90.3","1","43224","Not_Canceled"
"BID24808","3","0","2","4","Meal Plan 1","0","Room_Type 1","160","Online","0","0","0","125.8","0","43138","Canceled"
"BID06464","2","0","0","3","Meal Plan 1","0","Room_Type 1","271","Online","0","0","0","101.33","1","9/21/2018","Canceled"
"BID03404","3","0","0","2","Meal Plan 1","0","Room_Type 4","135","Online","0","0","0","151.2","3","10/13/2018","Not_Canceled"
"BID06296","2","0","2","1","Meal Plan 1","0","Room_Type 4","71","Online","0","0","0","112.8","0","4/24/2018","Not_Canceled"
"BID35857","2","0","1","2","Meal Plan 1","0","Room_Type 1","78","Offline","0","0","0","100","0","3/25/2018","Canceled"
"BID32960","2","0","2","1","Meal Plan 1","1","Room_Type 1","14","Online","0","0","0","111.67","0","12/26/2017","Not_Canceled"
"BID18909","1","0","0","2","Meal Plan 1","0","Room_Type 1","9","Corporate","0","0","0","56","0","43134","Not_Canceled"
"BID24261","3","0","1","3","Meal Plan 1","0","Room_Type 1","83","Online","0","0","0","154.7","1","43108","Not_Canceled"
"BID04390","2","0","1","2","Meal Plan 1","0","Room_Type 4","72","Online","0","0","0","104.4","1","3/14/2018","Not_Canceled"
"BID28097","2","0","1","0","Not Selected","0","Room_Type 1","2","Online","0","0","0","89","0","4/18/2018","Not_Canceled"
"BID13500","2","0","0","3","Not Selected","0","Room_Type 1","45","Online","0","0","0","108","1","43414","Not_Canceled"
"BID07369","2","0","0","1","Meal Plan 1","0","Room_Type 1","47","Online","0","0","0","94.5","1","10/22/2017","Not_Canceled"
"BID24010","1","0","2","2","Meal Plan 1","0","Room_Type 1","111","Online","0","0","0","88.4","2","12/24/2018","Not_Canceled"
"BID17346","2","0","0","2","Meal Plan 1","0","Room_Type 1","263","Offline","0","0","0","110","0","10/21/2018","Canceled"
"BID06288","2","0","0","3","Meal Plan 1","0","Room_Type 1","304","Online","0","0","0","89","0","43170","Canceled"
"BID28686","1","0","1","2","Meal Plan 1","0","Room_Type 1","101","Offline","0","0","0","70","0","43194","Canceled"
"BID31912","2","0","0","3","Meal Plan 1","0","Room_Type 1","15","Offline","0","0","0","84","1","42956","Not_Canceled"
"BID17240","1","0","0","3","Meal Plan 1","0","Room_Type 1","71","Offline","0","0","0","120","0","6/14/2018","Not_Canceled"
"BID07298","2","1","2","2","Meal Plan 1","0","Room_Type 4","11","Offline","0","0","0","156.8","3","6/26/2018","Not_Canceled"
"BID17752","1","0","0","3","Meal Plan 1","0","Room_Type 1","71","Offline","0","0","0","120","0","6/14/2018","Not_Canceled"
"BID03101","2","0","0","1","Meal Plan 1","0","Room_Type 1","49","Online","0","0","0","126.9","0","5/21/2018","Canceled"
"BID28208","2","0","0","2","Meal Plan 1","0","Room_Type 1","120","Online","0","0","0","72.25","1","12/29/2017","Not_Canceled"
"BID15514","1","0","1","2","Meal Plan 1","0","Room_Type 1","57","Offline","0","0","0","75.33","1","43379","Not_Canceled"
"BID07100","2","0","0","4","Meal Plan 1","0","Room_Type 1","207","Online","0","0","0","106.2","1","43195","Canceled"
"BID16429","2","0","0","2","Meal Plan 2","0","Room_Type 1","239","Offline","0","0","0","112.2","0","6/15/2018","Canceled"
"BID03193","2","0","0","2","Meal Plan 1","0","Room_Type 1","263","Online","0","0","0","110","0","10/21/2018","Canceled"
"BID30548","1","0","0","3","Meal Plan 1","0","Room_Type 1","335","Offline","0","0","0","80","0","10/13/2018","Not_Canceled"
"BID06649","2","0","0","2","Meal Plan 1","0","Room_Type 1","245","Online","0","0","0","75","0","6/17/2018","Canceled"
"BID34581","1","0","0","1","Meal Plan 1","0","Room_Type 1","6","Corporate","0","0","0","88.2","0","43285","Not_Canceled"
"BID13416","1","0","0","1","Meal Plan 1","0","Room_Type 1","49","Corporate","0","0","0","65","0","9/22/2017","Not_Canceled"
"BID18374","0","2","2","3","Meal Plan 1","0","Room_Type 2","142","Online","0","0","0","95.79","1","8/21/2018","Not_Canceled"
"BID01360","2","0","2","2","Meal Plan 1","0","Room_Type 1","41","Online","0","0","0","81.77","1","42958","Not_Canceled"
"BID20673","2","0","0","2","Meal Plan 1","0","Room_Type 1","81","Complementary","0","0","0","0","0","43104","Not_Canceled"
"BID23097","2","0","0","1","Meal Plan 1","0","Room_Type 2","130","Online","0","0","0","61.25","0","2/20/2018","Canceled"
"BID34100","2","0","0","1","Not Selected","0","Room_Type 1","1","Online","0","0","0","128","2","8/17/2018","Not_Canceled"
"BID13041","2","2","0","1","Meal Plan 1","0","Room_Type 6","131","Online","0","0","0","177.3","0","7/15/2018","Canceled"
"BID11759","2","0","2","5","Meal Plan 1","0","Room_Type 4","28","Online","0","0","0","74.08","0","43284","Not_Canceled"
"BID01300","2","0","1","4","Meal Plan 1","0","Room_Type 4","64","Online","0","0","0","138.24","0","43354","Not_Canceled"
"BID27971","2","0","0","1","Not Selected","0","Room_Type 1","108","Online","0","0","0","103.5","0","43350","Canceled"
"BID12993","2","0","0","3","Meal Plan 1","0","Room_Type 1","103","Offline","0","0","0","80","0","43195","Not_Canceled"
"BID34845","2","0","0","3","Not Selected","0","Room_Type 1","65","Online","0","0","0","125.1","1","9/27/2018","Not_Canceled"
"BID32363","2","0","1","1","Not Selected","0","Room_Type 1","1","Online","0","0","0","95","1","12/28/2017","Not_Canceled"
"BID25230","2","0","0","2","Meal Plan 1","0","Room_Type 4","21","Online","0","0","0","117","1","42926","Not_Canceled"
"BID11367","2","1","1","5","Meal Plan 2","0","Room_Type 1","7","Online","0","0","0","169.17","0","43284","Canceled"
"BID01405","1","0","0","1","Meal Plan 1","0","Room_Type 4","0","Corporate","1","0","2","110","1","9/28/2018","Not_Canceled"
"BID17723","1","0","1","2","Meal Plan 1","0","Room_Type 1","199","Offline","0","0","0","63.75","1","43201","Not_Canceled"
"BID21616","2","2","1","3","Meal Plan 1","0","Room_Type 6","38","Online","0","0","0","198.9","0","5/16/2018","Canceled"
"BID18687","2","0","2","1","Meal Plan 2","0","Room_Type 1","96","Offline","0","0","0","94.5","0","43046","Canceled"
"BID04325","2","1","0","2","Meal Plan 1","0","Room_Type 1","15","Online","0","0","0","114","1","43193","Canceled"
"BID26845","2","0","1","2","Meal Plan 1","0","Room_Type 1","162","Online","0","0","0","76.5","1","8/28/2017","Canceled"
"BID19158","2","2","0","3","Meal Plan 1","0","Room_Type 2","5","Online","0","0","0","83.03","0","43406","Canceled"
"BID34073","2","0","0","2","Meal Plan 1","0","Room_Type 4","0","Corporate","1","0","1","110","1","9/30/2018","Not_Canceled"
"BID17031","1","0","1","0","Meal Plan 1","0","Room_Type 1","3","Offline","0","0","0","77.6","0","43348","Not_Canceled"
"BID15413","2","0","2","3","Meal Plan 1","0","Room_Type 1","75","Online","0","0","0","82.45","0","43104","Canceled"
"BID13417","2","0","2","1","Meal Plan 2","0","Room_Type 1","111","Online","0","0","0","148.5","2","43259","Not_Canceled"
"BID12020","2","0","0","1","Meal Plan 1","0","Room_Type 1","1","Online","0","0","0","169","1","9/15/2018","Not_Canceled"
"BID25088","3","0","1","3","Meal Plan 1","0","Room_Type 4","266","Online","0","0","0","104.55","0","12/26/2018","Not_Canceled"
"BID17910","1","2","4","6","Meal Plan 1","0","Room_Type 4","175","Online","0","0","0","129.2","1","43380","Canceled"
"BID32813","1","0","0","3","Meal Plan 1","0","Room_Type 1","68","Online","0","0","0","121.5","0","43378","Canceled"
"BID24847","2","0","2","0","Meal Plan 1","0","Room_Type 1","95","Online","0","0","0","90","2","11/20/2018","Canceled"
"BID24733","2","0","0","3","Not Selected","0","Room_Type 1","70","Online","0","0","0","85.5","0","43224","Not_Canceled"
"BID25322","2","0","1","3","Not Selected","0","Room_Type 1","49","Online","0","0","0","74.8","2","43112","Not_Canceled"
"BID10586","2","0","0","3","Not Selected","0","Room_Type 1","49","Online","0","0","0","89.91","0","43260","Canceled"
"BID27984","1","0","0","1","Meal Plan 1","0","Room_Type 1","1","Aviation","0","0","0","95","0","9/20/2018","Not_Canceled"
"BID30400","2","0","1","2","Meal Plan 1","0","Room_Type 4","185","Online","0","0","0","103.5","0","12/16/2018","Not_Canceled"
"BID25628","2","0","2","2","Not Selected","0","Room_Type 1","161","Online","0","0","0","95.2","1","4/29/2018","Not_Canceled"
"BID31695","2","0","1","2","Meal Plan 1","0","Room_Type 1","199","Offline","0","0","0","68","1","43201","Not_Canceled"
"BID21949","2","0","0","4","Meal Plan 1","0","Room_Type 1","94","Online","0","0","0","90.95","1","43438","Not_Canceled"
"BID10027","2","0","1","4","Meal Plan 1","0","Room_Type 4","34","Online","0","0","0","131.4","0","43194","Canceled"
"BID04766","0","2","1","3","Meal Plan 1","0","Room_Type 2","147","Online","0","0","0","6","1","43194","Not_Canceled"
"BID09750","2","0","1","1","Meal Plan 2","0","Room_Type 1","7","Offline","0","0","0","112.2","0","42865","Not_Canceled"
"BID27371","3","0","1","2","Meal Plan 1","0","Room_Type 4","75","Online","0","0","0","126","2","11/18/2018","Not_Canceled"
"BID33579","2","0","1","3","Meal Plan 1","0","Room_Type 4","58","Offline","0","0","0","90.95","1","43321","Not_Canceled"
"BID11317","2","0","0","4","Meal Plan 1","0","Room_Type 4","19","Offline","0","0","0","52.5","2","42836","Not_Canceled"
"BID07984","2","0","0","1","Meal Plan 1","0","Room_Type 1","23","Online","0","0","0","114.75","0","6/15/2018","Canceled"
"BID33549","2","0","1","2","Meal Plan 1","0","Room_Type 1","54","Online","0","0","0","99","1","3/18/2018","Not_Canceled"
"BID34382","2","0","2","2","Meal Plan 1","0","Room_Type 1","56","Offline","0","0","0","185","0","9/25/2017","Not_Canceled"
"BID21916","2","0","1","0","Meal Plan 1","0","Room_Type 1","141","Offline","0","0","0","90","0","9/20/2017","Not_Canceled"
"BID06255","1","0","2","4","Meal Plan 1","0","Room_Type 1","69","Online","0","0","0","120","0","43440","Canceled"
"BID15064","2","0","0","1","Not Selected","0","Room_Type 1","13","Online","0","0","0","119","0","43290","Canceled"
"BID08400","2","0","0","2","Not Selected","0","Room_Type 1","16","Online","0","0","0","89","1","11/17/2018","Not_Canceled"
"BID22538","2","1","2","5","Meal Plan 1","0","Room_Type 1","156","Offline","0","0","0","94.91","1","43411","Not_Canceled"
"BID16568","1","0","1","1","Meal Plan 1","0","Room_Type 1","60","Online","0","0","0","0","0","9/21/2017","Not_Canceled"
"BID13892","1","0","0","2","Meal Plan 1","0","Room_Type 1","65","Offline","0","0","0","100","0","42776","Not_Canceled"
"BID28606","2","2","0","2","Meal Plan 1","0","Room_Type 6","161","Online","0","0","0","186.3","3","8/16/2018","Not_Canceled"
"BID13830","2","0","2","0","Meal Plan 1","0","Room_Type 1","69","Online","0","0","0","76.5","1","43076","Canceled"
"BID11537","1","0","0","3","Meal Plan 1","0","Room_Type 1","71","Offline","0","0","0","120","0","6/14/2018","Not_Canceled"
"BID13072","2","0","1","4","Meal Plan 1","0","Room_Type 4","109","Online","0","0","0","97.75","2","11/21/2018","Not_Canceled"
"BID33792","1","0","0","2","Meal Plan 2","0","Room_Type 1","265","Offline","0","0","0","90","0","6/24/2018","Not_Canceled"
"BID21475","1","0","0","3","Meal Plan 1","0","Room_Type 4","47","Offline","0","0","0","120","0","9/13/2018","Not_Canceled"
"BID17459","2","2","1","4","Not Selected","0","Room_Type 6","40","Online","0","0","0","150.12","2","10/21/2017","Not_Canceled"
"BID23113","2","0","1","3","Meal Plan 1","0","Room_Type 4","29","Online","0","0","0","73.73","1","43284","Not_Canceled"
"BID19537","2","0","0","3","Meal Plan 1","0","Room_Type 4","14","Online","0","0","0","126","0","43285","Canceled"
"BID04892","2","0","2","4","Meal Plan 1","0","Room_Type 1","92","Online","0","0","0","76.5","2","42924","Canceled"
"BID25557","2","0","0","3","Meal Plan 1","0","Room_Type 1","304","Offline","0","0","0","89","0","43170","Canceled"
"BID33530","1","0","2","0","Meal Plan 1","0","Room_Type 1","6","Complementary","0","0","0","0","0","11/13/2018","Not_Canceled"
"BID20830","2","0","2","2","Not Selected","0","Room_Type 1","3","Online","0","0","0","81","0","2/14/2018","Not_Canceled"
"BID10244","2","0","0","3","Meal Plan 1","0","Room_Type 4","47","Online","0","0","0","91.8","0","43376","Canceled"
"BID07392","2","1","1","3","Meal Plan 1","0","Room_Type 1","62","Online","0","0","0","101.15","2","3/28/2018","Not_Canceled"
"BID26827","3","0","0","4","Meal Plan 1","0","Room_Type 4","134","Online","0","0","0","133.2","0","8/23/2018","Canceled"
"BID12114","3","0","1","2","Meal Plan 1","0","Room_Type 4","60","Online","0","0","0","126","1","11/18/2018","Canceled"
"BID18606","2","0","2","2","Meal Plan 1","0","Room_Type 1","67","Offline","0","0","0","75","0","11/25/2018","Not_Canceled"
"BID14784","1","0","0","3","Not Selected","0","Room_Type 1","4","Online","0","0","0","84.7","1","10/25/2018","Not_Canceled"
"BID22269","2","0","1","3","Meal Plan 2","0","Room_Type 1","136","Online","0","0","0","123.25","0","6/30/2018","Not_Canceled"
"BID28882","2","0","1","3","Not Selected","0","Room_Type 1","34","Online","0","0","0","71.1","1","3/14/2018","Not_Canceled"
"BID06873","2","0","0","1","Meal Plan 1","0","Room_Type 4","30","Online","0","0","0","105.3","1","10/14/2017","Not_Canceled"
"BID09640","2","0","1","2","Meal Plan 1","0","Room_Type 1","280","Offline","0","0","0","110","0","9/19/2018","Canceled"
"BID33319","1","0","0","1","Meal Plan 1","0","Room_Type 1","16","Corporate","0","0","0","75","0","43407","Not_Canceled"
"BID04754","2","0","0","3","Meal Plan 1","0","Room_Type 1","44","Offline","0","0","0","75","0","2/17/2018","Not_Canceled"
"BID16892","2","0","1","2","Meal Plan 1","0","Room_Type 1","168","Offline","0","0","0","85","0","4/22/2018","Canceled"
"BID20169","2","0","0","2","Meal Plan 2","0","Room_Type 1","102","Offline","0","0","0","101.5","0","10/16/2017","Canceled"
"BID01255","1","0","0","2","Meal Plan 1","0","Room_Type 1","154","Online","0","0","0","100.8","0","8/24/2018","Canceled"
"BID29531","3","0","2","2","Meal Plan 1","0","Room_Type 4","62","Online","0","0","0","150.3","2","43138","Not_Canceled"
"BID13227","1","0","1","2","Meal Plan 1","0","Room_Type 1","3","Online","0","0","0","117.33","0","8/17/2017","Not_Canceled"
"BID35038","1","0","2","3","Meal Plan 1","0","Room_Type 1","65","Online","0","0","0","130.9","2","9/25/2017","Not_Canceled"
"BID33147","1","0","0","2","Meal Plan 1","0","Room_Type 1","23","Online","0","0","0","145","0","43227","Canceled"
"BID11501","2","0","2","4","Not Selected","0","Room_Type 1","262","Online","0","0","0","63.75","0","12/14/2018","Canceled"
"BID08536","2","0","1","3","Meal Plan 1","0","Room_Type 1","210","Online","0","0","0","90.95","1","8/15/2018","Not_Canceled"
"BID28131","2","0","1","1","Meal Plan 1","0","Room_Type 1","33","Corporate","0","0","0","64","0","1/25/2018","Not_Canceled"
"BID17749","2","0","2","3","Meal Plan 1","0","Room_Type 1","59","Offline","0","0","0","76.5","1","10/15/2017","Not_Canceled"
"BID18657","2","0","1","0","Meal Plan 1","0","Room_Type 1","258","Offline","0","0","0","110","0","10/16/2018","Canceled"
"BID28422","2","0","2","1","Meal Plan 2","0","Room_Type 1","124","Offline","0","0","0","94.5","0","42955","Not_Canceled"
"BID08341","1","0","0","1","Meal Plan 1","0","Room_Type 1","15","Online","0","0","0","95","1","6/14/2018","Not_Canceled"
"BID10556","2","0","0","3","Meal Plan 1","0","Room_Type 1","50","Offline","0","0","0","75","0","3/29/2018","Not_Canceled"
"BID05828","2","0","1","3","Meal Plan 2","0","Room_Type 1","191","Online","0","0","0","131.75","2","43320","Canceled"
"BID01761","2","0","0","2","Meal Plan 1","0","Room_Type 1","59","Offline","0","0","0","85","0","10/29/2017","Not_Canceled"
"BID28028","2","0","1","3","Meal Plan 1","0","Room_Type 1","3","Corporate","0","0","0","130","0","8/17/2017","Canceled"
"BID00872","2","0","1","2","Meal Plan 2","0","Room_Type 1","315","Online","0","0","0","160","0","9/30/2018","Canceled"
"BID03676","3","0","1","3","Meal Plan 1","0","Room_Type 1","56","Offline","0","0","0","111.6","0","4/25/2018","Not_Canceled"
"BID36068","1","0","2","4","Meal Plan 1","0","Room_Type 1","69","Offline","0","0","0","120","0","43440","Canceled"
"BID16651","3","0","0","1","Meal Plan 1","0","Room_Type 4","104","Online","0","0","0","146.7","3","43227","Not_Canceled"
"BID34078","2","0","2","5","Meal Plan 1","0","Room_Type 4","15","Online","0","0","0","128.84","0","5/30/2018","Canceled"
"BID29338","2","0","0","3","Meal Plan 1","0","Room_Type 1","44","Offline","0","0","0","75","0","2/17/2018","Not_Canceled"
"BID20748","1","0","0","2","Meal Plan 1","0","Room_Type 1","57","Offline","0","0","0","75","0","9/16/2018","Not_Canceled"
"BID00788","1","0","0","4","Meal Plan 1","0","Room_Type 1","158","Online","0","0","0","114.75","1","5/25/2018","Canceled"
"BID25411","1","0","0","1","Meal Plan 1","0","Room_Type 4","18","Online","0","0","0","156","0","5/13/2018","Canceled"
"BID15133","2","0","0","3","Meal Plan 1","0","Room_Type 1","71","Offline","0","0","0","90","0","43378","Not_Canceled"
"BID17278","2","0","1","1","Meal Plan 1","0","Room_Type 4","44","Offline","0","0","0","96.3","0","6/18/2018","Canceled"
"BID23193","2","0","1","3","Meal Plan 1","0","Room_Type 1","9","Online","0","0","0","133.5","1","4/28/2018","Not_Canceled"
"BID27848","2","0","0","3","Not Selected","0","Room_Type 1","164","Online","0","0","0","94.5","0","7/21/2018","Canceled"
"BID06307","2","1","2","3","Meal Plan 1","0","Room_Type 1","22","Online","0","0","0","171","0","8/21/2018","Canceled"
"BID12311","2","0","2","2","Meal Plan 1","0","Room_Type 1","1","Online","0","0","0","91.38","2","11/20/2018","Not_Canceled"
"BID31484","2","0","2","1","Meal Plan 1","0","Room_Type 4","37","Offline","0","0","0","60","0","42746","Not_Canceled"
"BID35272","2","0","1","2","Not Selected","0","Room_Type 1","33","Online","0","0","0","125.1","1","43352","Not_Canceled"
"BID24493","3","0","0","1","Meal Plan 1","0","Room_Type 4","109","Online","0","0","0","146.7","3","43259","Not_Canceled"
"BID29264","1","0","0","2","Meal Plan 1","0","Room_Type 1","111","Online","0","0","0","55.96","1","7/22/2017","Not_Canceled"
"BID18765","2","0","1","0","Meal Plan 1","0","Room_Type 1","17","Online","0","0","0","138","2","43199","Not_Canceled"
"BID20912","2","0","2","7","Not Selected","0","Room_Type 1","7","Online","0","0","0","79.14","0","11/15/2018","Canceled"
"BID30391","2","0","2","2","Meal Plan 1","0","Room_Type 1","71","Online","0","0","0","93.08","1","4/24/2018","Not_Canceled"
"BID17411","2","0","2","2","Meal Plan 1","0","Room_Type 4","70","Online","0","0","0","107.95","2","4/16/2018","Not_Canceled"
"BID18032","2","0","0","3","Meal Plan 1","0","Room_Type 4","109","Online","0","0","0","149.4","2","9/20/2018","Not_Canceled"
"BID00190","1","0","2","2","Meal Plan 1","0","Room_Type 4","81","Online","0","0","0","146.6","1","43262","Not_Canceled"
"BID13306","1","0","0","3","Meal Plan 1","0","Room_Type 1","151","Offline","0","0","0","80","0","1/19/2018","Not_Canceled"
"BID09966","1","0","2","2","Meal Plan 1","0","Room_Type 1","2","Offline","0","0","0","66.88","0","5/15/2018","Not_Canceled"
"BID24978","2","0","0","4","Meal Plan 1","0","Room_Type 1","275","Online","0","0","0","82.45","2","12/28/2018","Not_Canceled"
"BID28595","2","0","0","1","Meal Plan 3","0","Room_Type 7","0","Complementary","1","0","2","0","1","4/20/2018","Not_Canceled"
"BID16443","2","0","0","2","Meal Plan 1","0","Room_Type 1","5","Corporate","0","0","0","110","1","5/24/2018","Not_Canceled"
"BID17479","1","0","0","3","Meal Plan 1","0","Room_Type 1","37","Offline","0","0","0","95","0","10/13/2018","Not_Canceled"
"BID33551","2","0","0","4","Meal Plan 1","0","Room_Type 6","22","Online","0","0","0","156.7","2","4/26/2018","Not_Canceled"
"BID25681","2","0","0","3","Meal Plan 1","0","Room_Type 1","26","Online","0","0","0","91","1","3/16/2018","Not_Canceled"
"BID32891","2","0","3","7","Meal Plan 1","0","Room_Type 1","23","Online","0","0","0","95.98","0","42925","Not_Canceled"
"BID09478","1","0","2","1","Meal Plan 1","0","Room_Type 1","163","Offline","0","0","0","115","0","10/15/2018","Canceled"
"BID21017","2","0","2","0","Meal Plan 2","0","Room_Type 1","75","Offline","0","0","0","105","0","10/30/2018","Canceled"
"BID21572","2","0","0","3","Meal Plan 1","0","Room_Type 1","148","Online","0","0","0","105.3","0","43225","Not_Canceled"
"BID14071","2","0","0","1","Meal Plan 1","0","Room_Type 1","218","Online","0","0","0","96.3","1","43259","Canceled"
"BID11249","2","0","1","1","Meal Plan 1","0","Room_Type 1","38","Offline","0","0","0","85.5","0","6/18/2018","Not_Canceled"
"BID31171","2","0","1","5","Meal Plan 1","0","Room_Type 3","11","Corporate","0","0","0","110","1","43111","Not_Canceled"
"BID06721","2","0","0","2","Meal Plan 1","0","Room_Type 1","30","Offline","0","0","0","140","0","43137","Not_Canceled"
"BID34333","2","1","0","2","Meal Plan 1","1","Room_Type 1","135","Online","0","0","0","130.5","0","43139","Not_Canceled"
"BID05399","1","0","1","2","Meal Plan 1","0","Room_Type 1","10","Online","0","0","0","119","0","10/14/2018","Canceled"
"BID36190","2","0","0","3","Meal Plan 1","0","Room_Type 1","195","Online","0","0","0","126.9","0","9/28/2018","Canceled"
"BID29991","1","0","0","3","Meal Plan 1","0","Room_Type 1","25","Online","0","0","0","133","0","10/19/2018","Canceled"
"BID03717","0","2","0","1","Meal Plan 1","0","Room_Type 2","3","Online","0","0","0","131.78","0","6/16/2018","Not_Canceled"
"BID12597","1","0","1","3","Meal Plan 1","0","Room_Type 1","113","Online","0","0","0","89.25","0","43348","Canceled"
"BID29792","2","0","1","3","Meal Plan 1","0","Room_Type 1","322","Offline","0","0","0","80","0","5/19/2018","Canceled"
"BID13224","2","0","0","2","Meal Plan 1","1","Room_Type 7","4","Complementary","0","0","0","1","1","1/22/2018","Not_Canceled"
"BID30566","2","0","0","1","Meal Plan 1","0","Room_Type 1","41","Online","0","0","0","81.08","0","4/21/2018","Canceled"
"BID20259","1","0","2","3","Meal Plan 1","0","Room_Type 1","90","Online","0","0","0","74.95","0","43254","Not_Canceled"
"BID09006","2","0","0","3","Meal Plan 2","0","Room_Type 1","13","Offline","0","0","0","96","0","4/26/2018","Not_Canceled"
"BID03784","2","0","0","2","Meal Plan 1","0","Room_Type 4","92","Online","0","0","0","87.3","0","3/18/2018","Not_Canceled"
"BID19443","2","2","0","1","Meal Plan 1","0","Room_Type 6","0","Online","0","0","0","156","0","8/25/2017","Not_Canceled"
"BID05313","2","0","2","4","Meal Plan 1","0","Room_Type 1","37","Online","0","0","0","88.4","1","11/13/2018","Canceled"
"BID18982","2","0","2","5","Meal Plan 1","0","Room_Type 4","21","Online","0","0","0","97.75","1","43171","Not_Canceled"
"BID16786","2","0","1","2","Not Selected","0","Room_Type 1","39","Online","0","0","0","71.1","1","43193","Canceled"
"BID06159","2","0","1","3","Not Selected","0","Room_Type 1","107","Online","0","0","0","118.8","1","43229","Canceled"
"BID25206","2","0","0","2","Meal Plan 2","0","Room_Type 1","56","Offline","0","0","0","82","0","9/17/2017","Not_Canceled"
"BID29829","2","1","1","5","Meal Plan 1","0","Room_Type 1","98","Online","0","0","0","130.5","0","43197","Canceled"
"BID16769","1","0","0","2","Meal Plan 1","0","Room_Type 1","112","Offline","0","0","0","120","0","43414","Not_Canceled"
"BID08966","1","0","0","3","Meal Plan 1","0","Room_Type 1","4","Corporate","0","0","0","65","0","8/18/2017","Not_Canceled"
"BID05948","2","0","1","2","Meal Plan 1","0","Room_Type 1","130","Online","0","0","0","96.3","0","6/27/2018","Not_Canceled"
"BID02902","2","0","2","1","Meal Plan 1","0","Room_Type 4","34","Online","0","0","0","122.4","0","6/19/2018","Canceled"
"BID03134","2","0","1","2","Not Selected","0","Room_Type 1","59","Online","0","0","0","60.35","1","10/31/2018","Not_Canceled"
"BID26942","2","0","0","3","Meal Plan 1","0","Room_Type 1","93","Online","0","0","0","90.3","1","43255","Not_Canceled"
"BID30887","1","0","0","1","Meal Plan 1","0","Room_Type 1","2","Offline","0","0","0","109.65","0","10/13/2018","Not_Canceled"
"BID33037","3","0","0","3","Meal Plan 1","0","Room_Type 1","152","Online","0","0","0","140.7","2","43198","Canceled"
"BID30178","2","0","1","2","Meal Plan 1","0","Room_Type 1","290","Offline","0","0","0","72","1","6/17/2018","Not_Canceled"
"BID10447","2","0","1","3","Meal Plan 2","0","Room_Type 4","9","Online","0","0","0","179","1","43348","Not_Canceled"
"BID03064","2","0","0","4","Meal Plan 1","0","Room_Type 1","37","Online","0","0","0","108.8","1","12/27/2018","Not_Canceled"
"BID28289","2","0","1","4","Not Selected","0","Room_Type 1","37","Online","0","0","0","105.33","1","8/22/2018","Not_Canceled"
"BID01526","2","0","0","1","Meal Plan 1","0","Room_Type 4","17","Online","0","0","0","118.58","1","43321","Not_Canceled"
"BID22885","1","0","0","3","Meal Plan 1","0","Room_Type 1","113","Corporate","0","0","0","100","0","5/31/2018","Canceled"
"BID24707","2","0","1","3","Meal Plan 1","0","Room_Type 1","85","Offline","0","0","0","85","1","43261","Not_Canceled"
"BID16149","2","0","0","3","Meal Plan 1","0","Room_Type 1","304","Offline","0","0","0","89","0","43170","Canceled"
"BID09663","2","0","0","2","Not Selected","0","Room_Type 1","36","Online","0","0","0","119.5","2","10/20/2018","Not_Canceled"
"BID29905","2","0","2","5","Meal Plan 2","0","Room_Type 1","277","Offline","0","0","0","89.14","1","43229","Not_Canceled"
"BID15719","2","0","2","1","Meal Plan 1","0","Room_Type 1","12","Online","0","0","0","171.33","1","9/18/2018","Not_Canceled"
"BID35901","2","0","2","1","Meal Plan 1","1","Room_Type 4","78","Online","0","0","0","158.4","1","9/18/2018","Not_Canceled"
"BID22013","2","0","1","3","Not Selected","0","Room_Type 1","6","Online","0","0","0","113.72","1","43292","Not_Canceled"
"BID09913","2","0","1","2","Meal Plan 2","0","Room_Type 1","418","Offline","0","0","0","107","0","9/26/2018","Canceled"
"BID34263","2","0","1","3","Meal Plan 1","0","Room_Type 4","100","Online","0","0","0","65.49","3","2/25/2018","Not_Canceled"
"BID05335","2","2","0","4","Meal Plan 1","0","Room_Type 6","15","Online","0","0","0","198.5","3","43255","Not_Canceled"
"BID04879","2","1","0","1","Meal Plan 1","0","Room_Type 4","0","Online","0","0","0","139","0","43287","Canceled"
"BID19495","2","0","2","1","Meal Plan 1","0","Room_Type 1","9","Offline","0","0","0","85","1","43141","Not_Canceled"
"BID16931","2","0","0","4","Not Selected","0","Room_Type 1","157","Online","0","0","0","97.75","1","43258","Not_Canceled"
"BID15843","2","0","2","1","Meal Plan 1","0","Room_Type 1","35","Offline","0","0","0","85","1","8/20/2018","Not_Canceled"
"BID19735","1","0","0","3","Meal Plan 1","1","Room_Type 1","3","Complementary","1","0","2","56","1","43103","Not_Canceled"
"BID32351","1","0","0","3","Meal Plan 1","0","Room_Type 4","0","Online","0","0","0","178.33","1","8/18/2018","Not_Canceled"
"BID20429","2","0","1","1","Meal Plan 1","0","Room_Type 1","4","Online","0","0","0","141","1","7/23/2018","Not_Canceled"
"BID26028","2","0","0","3","Meal Plan 1","0","Room_Type 1","314","Offline","0","0","0","75","0","43444","Canceled"
"BID17519","1","0","0","2","Meal Plan 1","0","Room_Type 1","32","Online","0","0","0","143.28","0","43323","Canceled"
"BID30357","2","0","0","1","Meal Plan 1","0","Room_Type 5","9","Complementary","0","0","0","0","1","42864","Not_Canceled"
"BID00894","1","0","2","4","Meal Plan 1","0","Room_Type 1","245","Online","0","0","0","110","0","43258","Canceled"
"BID01906","2","0","0","4","Meal Plan 1","0","Room_Type 1","176","Online","0","0","0","90.95","0","43441","Canceled"
"BID22611","2","0","2","2","Meal Plan 1","0","Room_Type 1","18","Online","0","0","0","98.6","0","5/29/2018","Canceled"
"BID03211","1","0","2","2","Meal Plan 1","0","Room_Type 1","99","Online","0","0","0","112.05","0","43350","Canceled"
"BID21994","2","2","1","1","Meal Plan 1","0","Room_Type 6","71","Online","0","0","0","168.3","2","4/18/2018","Not_Canceled"
"BID17526","1","0","2","2","Meal Plan 1","0","Room_Type 4","77","Online","0","0","0","145.8","1","43262","Not_Canceled"
"BID23563","2","0","1","1","Not Selected","0","Room_Type 1","21","Online","0","0","0","86","1","43223","Not_Canceled"
"BID21847","2","0","2","2","Not Selected","0","Room_Type 1","27","Online","0","0","0","110","1","10/28/2018","Not_Canceled"
"BID16488","2","0","0","4","Meal Plan 1","0","Room_Type 1","29","Online","0","0","0","73.21","0","10/13/2017","Not_Canceled"
"BID13049","2","0","2","3","Meal Plan 1","0","Room_Type 1","85","Online","0","0","0","76.5","0","7/24/2017","Canceled"
"BID09133","2","1","2","2","Meal Plan 2","0","Room_Type 1","17","Online","0","0","0","148.38","2","43286","Not_Canceled"
"BID24587","1","0","0","1","Meal Plan 1","0","Room_Type 1","4","Offline","0","0","0","70","0","12/16/2018","Not_Canceled"
"BID08629","2","0","1","2","Meal Plan 1","0","Room_Type 4","58","Online","0","0","0","123.3","2","43140","Not_Canceled"
"BID36264","1","0","2","1","Meal Plan 1","0","Room_Type 1","116","Online","0","0","0","1","0","2/28/2018","Not_Canceled"
"BID03584","2","0","0","2","Meal Plan 1","0","Room_Type 1","14","Corporate","0","0","0","105","0","7/21/2018","Not_Canceled"
"BID02855","1","0","0","3","Meal Plan 1","0","Room_Type 1","45","Online","0","0","0","85.5","2","10/22/2017","Not_Canceled"
"BID25392","2","0","2","0","Meal Plan 1","0","Room_Type 1","146","Offline","0","0","0","95","0","4/24/2018","Canceled"
"BID30397","2","0","1","3","Meal Plan 1","0","Room_Type 4","79","Online","0","0","0","95.2","1","43194","Not_Canceled"
"BID00246","1","0","0","2","Meal Plan 1","0","Room_Type 1","164","Offline","0","0","0","100","0","42776","Not_Canceled"
"BID29165","2","0","0","3","Meal Plan 1","0","Room_Type 1","43","Offline","0","0","0","60","0","1/21/2018","Not_Canceled"
"BID13469","1","0","0","1","Meal Plan 1","0","Room_Type 1","12","Corporate","1","0","1","65","1","11/25/2017","Not_Canceled"
"BID30891","2","0","2","2","Meal Plan 2","0","Room_Type 1","169","Offline","0","0","0","106","0","4/22/2018","Canceled"
"BID10736","2","0","0","2","Meal Plan 1","0","Room_Type 1","1","Offline","1","1","0","102.6","0","9/30/2017","Not_Canceled"
"BID31434","2","1","1","0","Meal Plan 1","0","Room_Type 1","1","Online","0","0","0","159","2","43136","Not_Canceled"
"BID34950","2","0","0","2","Meal Plan 1","0","Room_Type 1","31","Corporate","0","0","0","81.5","0","43192","Not_Canceled"
"BID14593","1","0","1","4","Meal Plan 2","0","Room_Type 1","26","Online","0","0","0","79.92","0","12/21/2018","Canceled"
"BID23665","2","0","2","3","Meal Plan 1","0","Room_Type 1","170","Offline","0","0","0","78","0","43316","Not_Canceled"
"BID11065","1","0","1","3","Meal Plan 1","0","Room_Type 1","56","Offline","0","0","0","74","0","43349","Not_Canceled"
"BID15492","2","0","1","3","Not Selected","0","Room_Type 1","107","Online","0","0","0","61.09","1","12/26/2018","Not_Canceled"
"BID04673","1","0","0","3","Meal Plan 1","0","Room_Type 4","40","Online","0","0","0","88.5","0","43103","Canceled"
"BID07606","1","0","1","0","Not Selected","0","Room_Type 1","12","Online","0","0","0","129","0","6/27/2018","Canceled"
"BID32484","2","0","2","2","Meal Plan 1","0","Room_Type 4","164","Online","0","0","0","126.9","1","9/30/2018","Canceled"
"BID34554","2","0","2","1","Meal Plan 1","0","Room_Type 1","29","Offline","0","0","0","38.67","0","2/13/2018","Not_Canceled"
"BID19248","2","0","0","1","Meal Plan 1","0","Room_Type 1","0","Online","0","0","0","109","0","3/16/2018","Not_Canceled"
"BID23678","1","0","1","5","Meal Plan 1","0","Room_Type 4","20","Online","0","0","0","96.9","1","11/15/2018","Not_Canceled"
"BID00223","2","0","1","5","Meal Plan 1","0","Room_Type 1","56","Online","0","0","0","118.95","0","43229","Not_Canceled"
"BID28586","2","0","1","1","Not Selected","0","Room_Type 1","91","Online","0","0","0","116.1","0","5/21/2018","Not_Canceled"
"BID12212","2","0","2","2","Meal Plan 1","0","Room_Type 4","33","Offline","0","0","0","78.2","1","43445","Not_Canceled"
"BID25651","1","0","0","2","Meal Plan 2","0","Room_Type 1","68","Offline","0","0","0","58","0","9/29/2017","Not_Canceled"
"BID10677","2","0","2","3","Meal Plan 1","0","Room_Type 1","276","Offline","0","0","0","61","0","5/13/2018","Canceled"
"BID10438","2","0","0","1","Meal Plan 1","0","Room_Type 1","53","Online","0","0","0","126.9","1","5/17/2018","Not_Canceled"
"BID25634","1","0","2","1","Not Selected","0","Room_Type 1","34","Online","0","0","0","98.1","1","5/22/2018","Not_Canceled"
"BID28380","2","0","1","0","Meal Plan 1","0","Room_Type 4","1","Online","0","0","0","146","1","7/17/2018","Not_Canceled"
"BID33394","1","0","0","3","Meal Plan 1","1","Room_Type 4","0","Complementary","1","0","12","0","2","43221","Not_Canceled"
"BID17794","2","0","1","3","Meal Plan 1","0","Room_Type 1","7","Online","0","0","0","103","1","43284","Not_Canceled"
"BID25777","1","0","2","3","Meal Plan 1","0","Room_Type 1","115","Offline","0","0","0","76","0","2/27/2018","Not_Canceled"
"BID34822","2","0","3","10","Meal Plan 1","0","Room_Type 1","5","Online","0","0","0","98.62","2","8/18/2017","Canceled"
"BID20593","2","1","0","2","Meal Plan 1","0","Room_Type 1","33","Online","0","0","0","143.1","1","3/24/2018","Not_Canceled"
"BID10909","2","0","1","4","Meal Plan 1","0","Room_Type 1","30","Offline","0","0","0","60","0","43252","Not_Canceled"
"BID34529","2","0","0","2","Not Selected","0","Room_Type 1","12","Online","0","0","0","117.04","1","42745","Not_Canceled"
"BID28677","3","0","2","5","Meal Plan 1","0","Room_Type 1","180","Online","0","0","0","95.13","2","8/14/2018","Not_Canceled"
"BID23684","2","2","0","1","Meal Plan 1","0","Room_Type 6","4","Online","0","0","0","185","0","12/28/2018","Not_Canceled"
"BID34830","2","0","0","1","Meal Plan 1","0","Room_Type 5","0","Complementary","0","0","0","0","1","42776","Not_Canceled"
"BID21465","2","0","0","3","Meal Plan 1","0","Room_Type 1","304","Offline","0","0","0","89","0","43170","Canceled"
"BID20802","2","0","0","4","Meal Plan 1","0","Room_Type 1","54","Online","0","0","0","83.73","0","3/16/2018","Canceled"
"BID14198","1","0","0","2","Meal Plan 1","0","Room_Type 1","103","Offline","0","0","0","115","0","4/19/2018","Canceled"
"BID15907","2","0","0","2","Meal Plan 2","0","Room_Type 1","377","Offline","0","0","0","115","1","10/14/2018","Canceled"
"BID21039","2","0","1","0","Not Selected","0","Room_Type 1","49","Online","0","0","0","93.15","0","43411","Canceled"
"BID12978","2","0","0","4","Not Selected","0","Room_Type 1","66","Online","0","0","0","120.6","0","8/31/2018","Canceled"
"BID06982","1","0","0","2","Meal Plan 1","0","Room_Type 1","40","Online","0","0","0","100.8","3","42836","Not_Canceled"
"BID06979","2","0","0","3","Meal Plan 1","0","Room_Type 1","87","Online","0","0","0","97.71","0","43349","Not_Canceled"
"BID23564","2","0","0","3","Meal Plan 1","0","Room_Type 1","44","Offline","0","0","0","75","0","2/17/2018","Not_Canceled"
"BID10916","2","0","0","0","Meal Plan 1","0","Room_Type 1","16","Online","0","0","0","0","1","42957","Not_Canceled"
"BID08133","2","0","1","2","Meal Plan 1","0","Room_Type 1","338","Offline","0","0","0","90.67","1","43291","Not_Canceled"
"BID28620","2","0","1","3","Meal Plan 1","0","Room_Type 1","212","Online","0","0","0","129.65","1","9/26/2018","Canceled"
"BID28707","1","0","0","3","Not Selected","0","Room_Type 1","21","Offline","0","0","0","85","0","10/25/2018","Not_Canceled"
"BID16810","3","0","0","2","Meal Plan 1","0","Room_Type 4","5","Online","0","0","0","177","2","43164","Not_Canceled"
"BID23139","1","0","0","1","Meal Plan 2","0","Room_Type 1","221","Offline","0","0","0","73","0","43442","Not_Canceled"
"BID06497","2","0","0","1","Not Selected","0","Room_Type 1","67","Online","0","0","0","125.1","1","8/13/2018","Not_Canceled"
"BID29915","2","0","1","2","Meal Plan 1","0","Room_Type 1","273","Offline","0","0","0","95","0","5/13/2018","Canceled"
"BID19329","2","1","0","3","Meal Plan 1","0","Room_Type 1","184","Online","0","0","0","125.1","0","43200","Canceled"
"BID11403","2","0","0","1","Meal Plan 1","0","Room_Type 5","15","Corporate","1","1","5","109","0","12/15/2018","Not_Canceled"
"BID32430","3","0","1","1","Meal Plan 1","0","Room_Type 4","32","Online","0","0","0","159.3","1","3/26/2018","Canceled"
"BID23358","2","0","0","4","Not Selected","0","Room_Type 1","90","Online","0","0","0","80.75","0","43438","Not_Canceled"
"BID00379","2","0","1","3","Not Selected","0","Room_Type 1","35","Online","0","0","0","71.1","0","43162","Canceled"
"BID05036","2","0","2","5","Not Selected","0","Room_Type 1","109","Online","0","0","0","74.8","1","12/20/2018","Not_Canceled"
"BID15288","2","0","0","2","Meal Plan 1","0","Room_Type 1","315","Offline","0","0","0","52","0","43143","Not_Canceled"
"BID01592","2","0","1","2","Meal Plan 1","0","Room_Type 1","186","Offline","0","0","0","80","0","4/22/2018","Not_Canceled"
"BID01852","3","0","1","4","Meal Plan 1","0","Room_Type 4","176","Online","0","0","0","130.05","2","43108","Canceled"
"BID31252","2","1","0","5","Meal Plan 1","0","Room_Type 5","63","Offline","0","0","0","131.75","2","7/26/2018","Not_Canceled"
"BID34036","2","0","0","1","Not Selected","0","Room_Type 1","119","Online","0","0","0","170.1","1","43384","Not_Canceled"
"BID02909","2","0","2","1","Meal Plan 1","0","Room_Type 1","15","Online","0","0","0","68.99","1","1/24/2018","Not_Canceled"
"BID02580","2","0","0","3","Not Selected","0","Room_Type 1","34","Online","0","0","0","68.7","1","2/25/2018","Canceled"
"BID11292","1","0","0","2","Meal Plan 1","0","Room_Type 1","298","Offline","0","0","0","76","0","43378","Not_Canceled"
"BID18621","1","0","0","1","Meal Plan 1","0","Room_Type 1","1","Corporate","0","0","0","80","0","2/19/2018","Not_Canceled"
"BID10292","2","0","1","0","Not Selected","0","Room_Type 1","50","Online","0","0","0","108","1","10/17/2018","Not_Canceled"
"BID06398","2","0","2","3","Meal Plan 1","0","Room_Type 1","46","Online","0","0","0","69","2","12/26/2017","Not_Canceled"
"BID10974","2","0","2","2","Meal Plan 1","0","Room_Type 1","112","Online","0","0","0","52.85","1","42837","Not_Canceled"
"BID23921","2","0","0","3","Meal Plan 1","0","Room_Type 1","44","Offline","0","0","0","75","0","2/17/2018","Not_Canceled"
"BID19478","2","0","0","2","Meal Plan 2","0","Room_Type 1","74","Offline","0","0","0","101.5","0","9/18/2017","Not_Canceled"
"BID07405","2","0","1","3","Meal Plan 1","0","Room_Type 1","75","Online","0","0","0","80","0","3/17/2018","Canceled"
"BID11924","2","0","1","3","Meal Plan 1","0","Room_Type 1","1","Online","0","0","0","65.76","1","43232","Not_Canceled"
"BID13556","2","0","2","3","Not Selected","0","Room_Type 1","59","Online","0","0","0","116.1","1","5/21/2018","Canceled"
"BID09694","3","0","1","3","Meal Plan 1","0","Room_Type 4","133","Online","0","0","0","122.63","0","10/31/2018","Canceled"
"BID27288","2","0","1","2","Meal Plan 1","0","Room_Type 1","233","Offline","0","0","0","90","0","10/14/2018","Canceled"
"BID19676","2","0","1","3","Meal Plan 1","0","Room_Type 1","48","Offline","0","0","0","112","0","43170","Not_Canceled"
"BID14701","2","1","2","3","Meal Plan 2","0","Room_Type 1","39","Online","0","0","0","203.85","2","8/13/2018","Not_Canceled"
"BID26632","3","0","2","5","Meal Plan 1","1","Room_Type 4","106","Online","0","0","0","128","2","12/21/2018","Not_Canceled"
"BID06665","2","0","0","3","Meal Plan 2","0","Room_Type 1","36","Offline","0","0","0","112","0","10/13/2017","Not_Canceled"
"BID21412","2","0","1","0","Not Selected","0","Room_Type 1","3","Online","0","0","0","89","0","4/17/2018","Not_Canceled"
"BID16637","2","0","2","2","Not Selected","0","Room_Type 1","12","Online","0","0","0","77","0","1/15/2018","Not_Canceled"
"BID35709","1","0","1","0","Meal Plan 1","0","Room_Type 1","54","Corporate","0","0","0","65","0","42865","Not_Canceled"
"BID24785","2","0","0","2","Meal Plan 1","0","Room_Type 1","277","Online","0","0","0","96.3","2","10/21/2018","Canceled"
"BID27768","2","0","0","2","Meal Plan 1","0","Room_Type 4","64","Online","0","0","0","140.4","0","5/27/2018","Canceled"
"BID06670","2","0","2","3","Meal Plan 1","0","Room_Type 1","16","Online","0","0","0","154.4","1","9/18/2017","Canceled"
"BID34829","2","0","1","2","Meal Plan 1","0","Room_Type 1","168","Offline","0","0","0","85","0","4/22/2018","Canceled"
"BID09179","2","0","0","2","Meal Plan 1","0","Room_Type 1","59","Offline","0","0","0","75","0","43415","Not_Canceled"
"BID18071","2","0","0","1","Meal Plan 1","0","Room_Type 1","7","Corporate","0","0","0","114","0","10/27/2017","Not_Canceled"
"BID31263","2","0","0","2","Meal Plan 2","0","Room_Type 1","320","Offline","0","0","0","115","1","8/18/2018","Canceled"
"BID26631","2","0","2","2","Meal Plan 2","0","Room_Type 1","169","Offline","0","0","0","106","0","4/22/2018","Canceled"
"BID08713","1","0","1","0","Meal Plan 1","0","Room_Type 1","110","Offline","0","0","0","120","0","43353","Not_Canceled"
"BID10958","2","0","2","2","Meal Plan 1","0","Room_Type 1","48","Online","0","0","0","93.5","2","3/20/2018","Not_Canceled"
"BID09867","2","0","1","0","Meal Plan 1","0","Room_Type 5","151","Offline","0","0","0","200","0","6/27/2018","Canceled"
"BID17403","2","0","0","3","Meal Plan 1","0","Room_Type 1","214","Online","0","0","0","96.3","1","43412","Canceled"
"BID34760","1","1","0","3","Meal Plan 1","0","Room_Type 4","80","Online","0","0","0","114.9","1","12/27/2018","Not_Canceled"
"BID04784","2","0","2","4","Meal Plan 1","0","Room_Type 1","46","Online","0","0","0","81.31","0","8/28/2018","Not_Canceled"
"BID24465","3","0","0","2","Meal Plan 1","0","Room_Type 4","141","Online","0","0","0","163.8","1","9/23/2018","Not_Canceled"
"BID05811","1","0","2","4","Meal Plan 1","0","Room_Type 1","69","Online","0","0","0","88.83","0","42834","Canceled"
"BID02729","2","0","0","4","Meal Plan 1","0","Room_Type 1","117","Online","0","0","0","83.64","0","43378","Not_Canceled"
"BID33443","2","1","1","1","Meal Plan 1","0","Room_Type 1","269","Online","0","0","0","105.3","0","12/31/2018","Not_Canceled"
"BID07411","1","0","5","10","Meal Plan 1","0","Room_Type 1","11","Aviation","0","0","0","95","0","43348","Canceled"
"BID24670","3","0","1","2","Meal Plan 1","0","Room_Type 4","124","Online","0","0","0","143.7","1","43228","Not_Canceled"
"BID22075","2","0","1","3","Meal Plan 1","0","Room_Type 1","322","Offline","0","0","0","80","0","5/19/2018","Canceled"
"BID16308","2","0","0","2","Meal Plan 2","0","Room_Type 1","30","Offline","0","0","0","121","0","9/30/2017","Not_Canceled"
"BID06528","2","0","2","4","Meal Plan 1","0","Room_Type 2","237","Online","0","0","0","81.5","1","7/28/2018","Not_Canceled"
"BID33953","3","0","0","1","Not Selected","0","Room_Type 1","3","Online","0","0","0","174","1","43167","Not_Canceled"
"BID02092","2","0","0","5","Meal Plan 1","0","Room_Type 1","140","Offline","0","0","0","70","0","12/29/2017","Not_Canceled"
"BID06945","2","0","2","4","Meal Plan 1","0","Room_Type 4","49","Online","0","0","0","106.25","1","3/19/2018","Not_Canceled"
"BID16125","2","0","0","1","Meal Plan 1","0","Room_Type 1","46","Online","0","0","0","94.5","0","9/18/2017","Not_Canceled"
"BID22993","2","0","1","4","Meal Plan 1","0","Room_Type 1","148","Offline","0","0","0","67","0","12/30/2017","Not_Canceled"
"BID23356","2","0","0","3","Meal Plan 1","0","Room_Type 1","204","Offline","0","0","0","100","0","43225","Canceled"
"BID05196","2","0","1","1","Meal Plan 1","0","Room_Type 1","103","Offline","0","0","0","80.75","2","6/27/2018","Not_Canceled"
"BID32539","2","0","0","3","Meal Plan 1","0","Room_Type 4","49","Online","0","0","0","98.87","2","43318","Not_Canceled"
"BID24653","2","0","1","3","Meal Plan 1","0","Room_Type 1","22","Online","0","0","0","102.43","1","5/30/2018","Not_Canceled"
"BID05445","2","0","2","5","Meal Plan 1","0","Room_Type 1","171","Online","0","0","0","76.5","0","8/20/2017","Canceled"
"BID29528","2","0","0","2","Meal Plan 1","0","Room_Type 1","97","Offline","0","0","0","63.75","1","42801","Canceled"
"BID16558","2","0","2","4","Not Selected","0","Room_Type 1","160","Online","0","0","0","76.27","0","11/13/2018","Canceled"
"BID05266","2","2","1","2","Meal Plan 2","0","Room_Type 6","31","Online","0","0","0","233.1","1","43140","Not_Canceled"
"BID00019","2","0","2","2","Meal Plan 1","0","Room_Type 1","99","Online","0","0","0","65","0","10/30/2017","Canceled"
"BID33931","2","0","1","1","Meal Plan 1","0","Room_Type 1","180","Offline","0","0","0","100","1","43136","Not_Canceled"
"BID08649","2","0","0","1","Meal Plan 1","0","Room_Type 1","34","Online","0","0","0","116","1","12/24/2018","Not_Canceled"
"BID18503","2","0","0","1","Meal Plan 1","0","Room_Type 4","43","Online","0","0","0","140.4","0","5/14/2018","Canceled"
"BID20112","2","0","1","2","Meal Plan 1","0","Room_Type 1","233","Offline","0","0","0","90","0","10/14/2018","Canceled"
"BID31887","2","0","0","3","Meal Plan 1","0","Room_Type 1","213","Offline","0","0","0","130","0","43287","Canceled"
"BID28143","1","0","0","2","Meal Plan 1","0","Room_Type 1","25","Online","0","0","0","101","1","11/17/2017","Not_Canceled"
"BID33388","0","2","2","3","Meal Plan 1","0","Room_Type 2","131","Online","0","0","0","83.83","1","6/26/2018","Not_Canceled"
"BID16913","2","0","2","3","Meal Plan 2","0","Room_Type 1","106","Offline","0","0","0","105","0","5/21/2018","Not_Canceled"
"BID10032","2","0","0","2","Meal Plan 1","0","Room_Type 1","11","Online","0","0","0","80.3","1","1/20/2018","Not_Canceled"
"BID24355","3","0","0","2","Meal Plan 1","0","Room_Type 1","22","Offline","0","0","0","115","0","43230","Not_Canceled"
"BID22058","2","0","1","2","Meal Plan 2","0","Room_Type 1","98","Online","0","0","0","124.2","1","11/18/2018","Not_Canceled"
"BID24151","2","0","2","5","Meal Plan 1","0","Room_Type 1","63","Online","0","0","0","105.3","0","7/23/2018","Canceled"
"BID04648","2","0","0","1","Meal Plan 1","0","Room_Type 1","105","Online","0","0","0","75","0","43255","Canceled"
"BID09937","1","0","0","2","Meal Plan 1","0","Room_Type 1","6","Corporate","1","0","4","65","0","12/17/2017","Not_Canceled"
"BID00878","1","0","0","2","Meal Plan 1","0","Room_Type 1","181","Online","0","0","0","120","0","43414","Canceled"
"BID29723","2","0","0","3","Meal Plan 1","0","Room_Type 1","213","Offline","0","0","0","130","0","43287","Canceled"
"BID03997","1","0","0","3","Meal Plan 1","0","Room_Type 1","71","Offline","0","0","0","120","0","6/14/2018","Not_Canceled"
"BID20086","2","0","2","2","Meal Plan 1","0","Room_Type 1","64","Online","0","0","0","73.95","0","43436","Canceled"
"BID31568","2","0","1","2","Meal Plan 1","0","Room_Type 1","68","Online","0","0","0","80.3","0","2/26/2018","Not_Canceled"
"BID26011","2","1","0","1","Not Selected","0","Room_Type 1","173","Online","0","0","0","94.5","2","43319","Not_Canceled"
"BID12684","2","0","0","2","Meal Plan 1","0","Room_Type 4","6","Online","0","0","0","106","0","43222","Canceled"
"BID24570","2","0","0","1","Meal Plan 1","0","Room_Type 1","117","Online","0","0","0","76.5","0","8/22/2017","Canceled"
"BID26436","2","3","1","0","Meal Plan 1","0","Room_Type 7","5","Online","0","0","0","171.26","2","43102","Not_Canceled"
"BID12265","2","0","2","1","Meal Plan 1","0","Room_Type 1","252","Online","0","0","0","106.3","0","10/15/2018","Canceled"
"BID19793","2","0","2","4","Not Selected","0","Room_Type 1","195","Online","0","0","0","0","1","7/20/2018","Not_Canceled"
"BID19532","2","0","2","0","Not Selected","0","Room_Type 1","17","Online","0","0","0","74.1","1","43413","Not_Canceled"
"BID02994","2","1","1","3","Meal Plan 1","0","Room_Type 4","26","Offline","0","0","0","90","2","10/19/2017","Not_Canceled"
"BID22499","2","0","0","2","Meal Plan 2","0","Room_Type 1","39","Offline","0","0","0","109","0","8/14/2017","Not_Canceled"
"BID33830","2","0","0","2","Not Selected","0","Room_Type 1","1","Online","0","0","0","138","1","43256","Not_Canceled"
"BID00766","2","0","1","1","Meal Plan 1","0","Room_Type 4","0","Online","0","0","0","118.8","0","42925","Canceled"
"BID24827","1","0","0","3","Meal Plan 1","0","Room_Type 1","308","Online","0","0","0","78.3","2","11/23/2018","Canceled"
"BID15274","1","0","1","1","Meal Plan 1","1","Room_Type 1","5","Corporate","0","0","0","88","1","43232","Not_Canceled"
"BID10773","3","0","0","4","Meal Plan 1","0","Room_Type 4","56","Online","0","0","0","119","2","11/22/2018","Not_Canceled"
"BID07134","2","0","1","5","Meal Plan 1","0","Room_Type 4","64","Online","0","0","0","136.8","0","43260","Canceled"
"BID28235","2","2","0","2","Meal Plan 1","0","Room_Type 7","7","Online","0","0","0","296","2","5/19/2018","Not_Canceled"
"BID22325","2","0","0","2","Meal Plan 1","0","Room_Type 1","181","Online","0","0","0","90.9","2","10/28/2018","Canceled"
"BID10603","2","0","1","0","Not Selected","0","Room_Type 1","6","Online","0","0","0","114","1","9/20/2017","Not_Canceled"
"BID13095","2","0","2","2","Meal Plan 1","0","Room_Type 1","90","Online","0","0","0","72.25","1","42837","Not_Canceled"
"BID07787","1","0","1","1","Meal Plan 1","0","Room_Type 1","17","Corporate","1","0","2","95","0","9/26/2018","Not_Canceled"
"BID33694","3","0","0","1","Meal Plan 1","0","Room_Type 4","80","Online","0","0","0","168.3","0","43290","Canceled"
"BID28829","2","0","2","1","Meal Plan 1","0","Room_Type 1","73","Online","0","0","0","93.6","1","43445","Not_Canceled"
"BID30431","2","0","0","3","Not Selected","0","Room_Type 1","174","Online","0","0","0","85.5","1","6/29/2018","Not_Canceled"
"BID04576","2","0","0","2","Meal Plan 1","0","Room_Type 4","12","Online","0","0","0","148","0","12/30/2018","Not_Canceled"
"BID19075","2","0","0","3","Meal Plan 1","0","Room_Type 1","90","Offline","0","0","0","78.63","0","4/21/2018","Not_Canceled"
"BID28861","2","0","1","1","Meal Plan 1","0","Room_Type 4","45","Online","0","0","0","106.2","2","43231","Not_Canceled"
"BID30167","2","0","0","1","Meal Plan 1","0","Room_Type 1","5","Online","0","0","0","124","1","42864","Canceled"
"BID34997","2","0","1","2","Meal Plan 1","0","Room_Type 1","305","Offline","0","0","0","89","0","43201","Canceled"
"BID05432","2","0","1","0","Meal Plan 1","0","Room_Type 1","62","Online","0","0","0","109.8","0","43199","Canceled"
"BID23698","2","0","1","0","Meal Plan 1","1","Room_Type 7","3","Complementary","0","0","0","0","1","1/25/2018","Not_Canceled"
"BID00434","2","0","0","3","Meal Plan 1","0","Room_Type 1","10","Online","0","0","0","126","1","10/20/2017","Not_Canceled"
"BID22648","2","0","2","1","Meal Plan 1","0","Room_Type 1","31","Online","0","0","0","84.9","0","43223","Canceled"
"BID04742","1","0","0","1","Meal Plan 1","0","Room_Type 1","23","Online","0","0","0","119.85","0","6/15/2018","Canceled"
"BID05818","2","0","2","3","Meal Plan 1","0","Room_Type 4","170","Online","0","0","0","112.2","1","43412","Canceled"
"BID17622","2","0","1","3","Meal Plan 1","0","Room_Type 4","45","Online","0","0","0","96.9","2","43446","Not_Canceled"
"BID03656","1","0","0","2","Meal Plan 1","0","Room_Type 1","65","Offline","0","0","0","100","1","42776","Not_Canceled"
"BID24611","2","0","2","5","Meal Plan 1","0","Room_Type 4","51","Online","0","0","0","123.69","3","43140","Not_Canceled"
"BID03202","2","0","0","2","Meal Plan 1","0","Room_Type 1","245","Online","0","0","0","75","0","6/17/2018","Canceled"
"BID35876","3","0","0","3","Meal Plan 1","0","Room_Type 4","8","Online","0","0","0","176","2","4/21/2018","Not_Canceled"
"BID19929","1","0","5","10","Not Selected","0","Room_Type 1","31","Online","0","0","0","66.29","1","43202","Canceled"
"BID18625","2","0","0","2","Meal Plan 1","0","Room_Type 1","49","Offline","0","0","0","75","0","43201","Not_Canceled"
"BID12733","1","0","0","2","Meal Plan 1","0","Room_Type 1","164","Offline","0","0","0","100","0","42776","Not_Canceled"
"BID24417","2","0","0","5","Meal Plan 1","0","Room_Type 1","140","Offline","0","0","0","70","0","12/29/2017","Not_Canceled"
"BID27001","2","1","1","0","Meal Plan 1","0","Room_Type 4","32","Online","0","0","0","136.52","1","8/14/2018","Not_Canceled"
"BID32578","1","0","0","3","Meal Plan 1","0","Room_Type 1","71","Offline","0","0","0","120","0","6/14/2018","Not_Canceled"
"BID15465","1","0","1","4","Meal Plan 1","0","Room_Type 1","179","Online","0","0","0","66.76","1","43197","Not_Canceled"
"BID01956","2","0","0","4","Meal Plan 1","0","Room_Type 1","178","Online","0","0","0","90.9","2","10/26/2018","Not_Canceled"
"BID20754","1","0","1","0","Meal Plan 1","0","Room_Type 1","24","Online","0","0","0","108","1","43443","Not_Canceled"
"BID20896","2","0","0","3","Not Selected","0","Room_Type 1","117","Online","0","0","0","79.69","1","6/28/2018","Not_Canceled"
"BID24913","2","0","1","2","Meal Plan 1","0","Room_Type 4","91","Offline","0","0","0","60","0","12/28/2017","Not_Canceled"
"BID21348","1","0","0","3","Meal Plan 1","0","Room_Type 1","308","Online","0","0","0","78.3","2","11/23/2018","Canceled"
"BID24668","2","0","0","3","Meal Plan 1","0","Room_Type 4","43","Online","0","0","0","106.8","0","3/17/2018","Not_Canceled"
"BID15947","2","0","0","1","Meal Plan 1","0","Room_Type 1","7","Online","0","0","0","92","1","2/27/2018","Not_Canceled"
"BID12259","3","0","2","1","Meal Plan 1","0","Room_Type 4","59","Online","0","0","0","126","0","43416","Canceled"
"BID29659","2","0","2","1","Meal Plan 1","0","Room_Type 1","99","Online","0","0","0","97.71","1","5/22/2018","Not_Canceled"
"BID14250","2","0","1","1","Meal Plan 1","0","Room_Type 1","275","Offline","0","0","0","62.8","0","43196","Canceled"
"BID04061","1","0","0","3","Meal Plan 2","0","Room_Type 1","13","Offline","0","0","0","73","0","4/26/2018","Not_Canceled"
"BID24036","2","0","2","1","Meal Plan 1","0","Room_Type 1","18","Offline","0","0","0","85","0","43141","Not_Canceled"
"BID16631","1","0","0","1","Meal Plan 1","1","Room_Type 1","1","Corporate","1","2","5","67","0","43106","Not_Canceled"
"BID29214","3","0","0","4","Meal Plan 1","0","Room_Type 4","41","Online","0","0","0","150.3","0","43318","Canceled"
"BID32653","2","0","1","1","Meal Plan 1","0","Room_Type 1","3","Online","0","0","0","90","1","43016","Not_Canceled"
"BID03133","3","0","1","3","Meal Plan 1","0","Room_Type 4","32","Online","0","0","0","176.4","0","43261","Canceled"
"BID33429","2","0","2","3","Meal Plan 1","0","Room_Type 4","119","Online","0","0","0","129.96","2","10/16/2018","Not_Canceled"
"BID26797","2","0","0","1","Meal Plan 2","0","Room_Type 1","21","Online","0","0","0","129","0","43193","Canceled"
"BID06516","2","0","0","1","Not Selected","0","Room_Type 1","17","Online","0","0","0","65.1","1","11/18/2018","Not_Canceled"
"BID15786","1","0","1","2","Not Selected","0","Room_Type 1","36","Online","0","0","0","109","1","10/28/2018","Not_Canceled"
"BID29679","2","0","2","5","Not Selected","0","Room_Type 1","48","Online","0","0","0","74.8","1","11/13/2018","Canceled"
"BID05860","2","0","1","0","Not Selected","0","Room_Type 1","11","Online","0","0","0","120","1","10/30/2018","Canceled"
"BID14414","3","0","2","3","Meal Plan 1","0","Room_Type 1","192","Offline","0","0","0","96.9","1","8/26/2018","Not_Canceled"
"BID32694","1","0","1","4","Meal Plan 1","0","Room_Type 4","143","Online","0","0","0","143.1","1","9/21/2018","Canceled"
"BID27042","2","0","0","2","Not Selected","0","Room_Type 1","66","Online","0","0","0","94.5","0","4/13/2018","Not_Canceled"
"BID19262","1","0","0","2","Meal Plan 1","0","Room_Type 1","188","Offline","0","0","0","130","0","6/15/2018","Canceled"
"BID07358","3","0","1","2","Meal Plan 1","0","Room_Type 4","204","Online","0","0","0","128.7","0","8/29/2018","Canceled"
"BID09511","1","0","1","3","Meal Plan 1","0","Room_Type 4","7","Aviation","0","0","0","110","0","10/27/2018","Not_Canceled"
"BID20392","2","0","2","1","Meal Plan 1","0","Room_Type 4","135","Offline","0","0","0","78.65","0","10/30/2018","Not_Canceled"
"BID27435","2","0","1","2","Meal Plan 1","0","Room_Type 1","14","Offline","0","0","0","80","0","11/28/2018","Not_Canceled"
"BID23496","1","0","0","2","Meal Plan 1","0","Room_Type 1","48","Corporate","0","0","0","65","0","8/30/2018","Canceled"
"BID33805","2","0","1","3","Meal Plan 1","0","Room_Type 1","28","Offline","0","0","0","87","1","43191","Not_Canceled"
"BID05385","1","0","0","3","Meal Plan 2","0","Room_Type 1","13","Offline","0","0","0","73","0","4/26/2018","Not_Canceled"
"BID20095","3","0","0","3","Meal Plan 1","0","Room_Type 4","94","Online","0","0","0","137.7","0","7/14/2018","Canceled"
"BID03205","2","0","2","1","Meal Plan 1","0","Room_Type 1","194","Online","0","0","0","96.3","2","10/29/2018","Canceled"
"BID22828","2","0","2","1","Meal Plan 1","0","Room_Type 2","106","Online","0","0","0","91.6","2","12/25/2018","Not_Canceled"
"BID14672","2","0","0","3","Meal Plan 1","0","Room_Type 1","22","Online","0","0","0","127.67","0","6/21/2018","Canceled"
"BID07214","2","0","0","2","Not Selected","0","Room_Type 1","142","Online","0","0","0","85.5","1","43107","Not_Canceled"
"BID13242","2","2","0","2","Meal Plan 1","0","Room_Type 6","27","Online","0","0","0","231","0","43258","Canceled"
"BID28409","2","0","2","0","Not Selected","0","Room_Type 1","18","Online","0","0","0","114","0","6/26/2018","Canceled"
"BID05499","3","0","0","1","Meal Plan 1","0","Room_Type 4","85","Online","0","0","0","177.3","0","8/24/2018","Not_Canceled"
"BID04657","2","0","0","5","Meal Plan 1","0","Room_Type 1","230","Online","0","0","0","137","1","43260","Canceled"
"BID32318","2","0","1","3","Meal Plan 1","0","Room_Type 1","0","Online","0","0","0","146","1","8/13/2017","Not_Canceled"
"BID20171","2","2","2","3","Meal Plan 1","0","Room_Type 6","15","Online","0","0","0","195.4","0","3/17/2018","Canceled"
"BID30426","2","2","1","3","Meal Plan 1","0","Room_Type 6","230","Online","0","0","0","158.95","0","8/25/2018","Canceled"
"BID04912","2","0","2","2","Meal Plan 1","0","Room_Type 1","275","Online","0","0","0","90.95","1","10/28/2018","Canceled"
"BID26931","1","0","0","3","Meal Plan 1","0","Room_Type 1","335","Offline","0","0","0","80","0","10/13/2018","Not_Canceled"
"BID07240","2","0","0","1","Meal Plan 1","0","Room_Type 4","0","Online","0","0","0","106","2","43375","Not_Canceled"
"BID23751","2","0","1","4","Not Selected","0","Room_Type 1","109","Online","0","0","0","80.75","2","4/25/2018","Not_Canceled"
"BID02934","2","0","0","0","Meal Plan 1","0","Room_Type 1","274","Online","0","0","0","0","2","43201","Not_Canceled"
"BID04233","2","0","0","1","Meal Plan 1","0","Room_Type 1","10","Offline","0","0","0","71.1","0","2/19/2018","Not_Canceled"
"BID21569","1","0","0","2","Meal Plan 1","0","Room_Type 4","0","Complementary","1","0","27","0","3","6/28/2018","Not_Canceled"
"BID04003","2","0","0","2","Not Selected","0","Room_Type 2","99","Online","0","0","0","85.5","1","43316","Canceled"
"BID09351","2","2","2","1","Meal Plan 1","0","Room_Type 6","71","Online","0","0","0","190.8","1","10/22/2018","Not_Canceled"
"BID31539","1","0","0","1","Meal Plan 1","0","Room_Type 4","4","Online","0","0","0","156","0","43255","Canceled"
"BID26226","1","0","0","1","Meal Plan 1","0","Room_Type 1","12","Online","0","0","0","80.8","0","11/16/2018","Not_Canceled"
"BID20426","2","0","1","2","Meal Plan 1","0","Room_Type 1","18","Offline","0","0","0","75","1","12/30/2018","Not_Canceled"
"BID27594","2","0","1","3","Meal Plan 1","0","Room_Type 4","25","Online","0","0","0","166","1","43197","Not_Canceled"
"BID23166","1","0","0","4","Meal Plan 1","0","Room_Type 1","35","Online","0","0","0","73.9","1","43345","Not_Canceled"
"BID21038","1","0","0","2","Meal Plan 1","0","Room_Type 1","17","Online","0","0","0","73.88","3","42745","Not_Canceled"
"BID15583","2","0","2","1","Meal Plan 1","0","Room_Type 1","55","Offline","0","0","0","60","1","1/31/2018","Not_Canceled"
"BID36091","2","0","1","5","Meal Plan 1","0","Room_Type 4","128","Online","0","0","0","132.3","1","10/18/2018","Not_Canceled"
"BID35460","1","0","0","3","Meal Plan 1","0","Room_Type 1","25","Online","0","0","0","133","0","10/19/2018","Canceled"
"BID00723","2","0","2","2","Not Selected","0","Room_Type 1","4","Online","0","0","0","81","0","43222","Canceled"
"BID29432","2","0","2","3","Meal Plan 1","0","Room_Type 1","22","Online","0","0","0","137","0","3/31/2018","Canceled"
"BID06642","2","0","0","1","Meal Plan 1","0","Room_Type 1","18","Online","0","0","0","111","0","6/14/2018","Canceled"
"BID02900","2","0","0","2","Not Selected","0","Room_Type 4","15","Online","0","0","0","115","2","9/16/2017","Not_Canceled"
"BID18714","1","0","0","1","Meal Plan 1","0","Room_Type 1","12","Corporate","1","0","1","65","0","11/25/2017","Not_Canceled"
"BID00703","2","0","0","1","Meal Plan 1","0","Room_Type 4","10","Online","0","0","0","156","1","43225","Not_Canceled"
"BID24394","2","0","2","5","Meal Plan 1","0","Room_Type 2","20","Offline","0","0","0","86.4","1","42744","Not_Canceled"
"BID20293","2","0","1","2","Meal Plan 1","0","Room_Type 1","118","Offline","0","0","0","120","0","43257","Not_Canceled"
"BID26900","1","0","2","1","Meal Plan 1","0","Room_Type 1","12","Online","0","0","0","63.37","0","43374","Not_Canceled"
"BID29101","2","0","0","4","Meal Plan 1","0","Room_Type 1","110","Offline","0","0","0","70","0","42990","Not_Canceled"
"BID12473","2","1","0","1","Meal Plan 1","0","Room_Type 4","10","Online","0","0","0","119","0","6/14/2018","Canceled"
"BID34307","2","2","0","3","Meal Plan 2","0","Room_Type 6","43","Online","0","0","0","349.63","1","12/29/2018","Not_Canceled"
"BID25802","1","0","0","1","Meal Plan 1","0","Room_Type 1","12","Online","0","0","0","135","0","43286","Canceled"
"BID04457","2","0","0","2","Not Selected","0","Room_Type 1","30","Online","0","0","0","98.1","1","5/24/2018","Canceled"
"BID15550","2","0","0","2","Meal Plan 1","0","Room_Type 1","122","Offline","0","0","0","85","0","4/15/2018","Not_Canceled"
"BID27953","2","0","0","2","Meal Plan 2","0","Room_Type 1","56","Offline","0","0","0","82","0","9/17/2017","Not_Canceled"
"BID18508","3","0","2","1","Meal Plan 1","0","Room_Type 1","89","Offline","0","0","0","127.33","0","9/25/2018","Canceled"
"BID23373","3","0","1","4","Meal Plan 1","0","Room_Type 4","32","Online","0","0","0","107.1","1","11/14/2018","Canceled"
"BID04613","0","2","1","1","Meal Plan 1","0","Room_Type 2","14","Online","0","0","0","138.05","3","8/13/2018","Not_Canceled"
"BID11976","2","0","0","2","Not Selected","0","Room_Type 1","42","Online","0","0","0","71.1","1","43407","Not_Canceled"
"BID19648","1","0","0","2","Meal Plan 1","0","Room_Type 1","2","Online","0","0","0","140","0","43444","Not_Canceled"
"BID03614","3","0","2","3","Meal Plan 1","0","Room_Type 4","44","Online","0","0","0","135.22","1","3/27/2018","Canceled"
"BID09644","2","0","2","2","Meal Plan 1","0","Room_Type 1","9","Online","0","0","0","88.4","2","43202","Not_Canceled"
"BID16114","2","0","2","3","Meal Plan 1","0","Room_Type 1","65","Online","0","0","0","88.91","1","43104","Not_Canceled"
"BID23019","2","0","0","1","Meal Plan 1","0","Room_Type 1","150","Online","0","0","0","76.5","2","42985","Canceled"
"BID06684","2","0","0","2","Meal Plan 2","0","Room_Type 1","39","Offline","0","0","0","101.5","0","8/14/2017","Not_Canceled"
"BID07090","1","0","0","2","Meal Plan 1","0","Room_Type 1","64","Corporate","0","0","0","130","0","5/17/2018","Not_Canceled"
"BID26809","2","0","0","1","Meal Plan 1","0","Room_Type 1","25","Online","0","0","0","91","0","3/18/2018","Canceled"
"BID23558","1","0","0","3","Meal Plan 1","0","Room_Type 1","2","Offline","0","0","0","120","0","11/16/2018","Not_Canceled"
"BID20181","2","0","2","0","Meal Plan 1","0","Room_Type 1","61","Offline","0","0","0","91","0","42835","Not_Canceled"
"BID23958","1","0","0","2","Meal Plan 1","0","Room_Type 4","62","Online","0","0","0","115.04","1","9/27/2018","Not_Canceled"
"BID09245","2","0","2","2","Meal Plan 1","0","Room_Type 4","34","Offline","0","0","0","73.8","0","3/20/2018","Not_Canceled"
"BID34886","2","0","0","2","Meal Plan 1","0","Room_Type 4","26","Online","0","0","0","142","0","4/15/2018","Canceled"
"BID23065","2","0","0","1","Meal Plan 1","0","Room_Type 1","105","Offline","0","0","0","75","0","43255","Canceled"
"BID12658","1","0","2","1","Meal Plan 2","0","Room_Type 1","122","Offline","0","0","0","86","0","3/27/2018","Not_Canceled"
"BID09625","2","0","0","3","Meal Plan 1","0","Room_Type 1","76","Online","0","0","0","106.5","1","4/27/2018","Canceled"
"BID13874","2","0","0","1","Meal Plan 2","0","Room_Type 1","100","Offline","0","0","0","108","0","10/16/2017","Canceled"
"BID28556","2","0","1","0","Meal Plan 1","0","Room_Type 1","166","Online","0","0","0","96.3","1","6/26/2018","Not_Canceled"
"BID13395","3","0","0","3","Meal Plan 1","0","Room_Type 4","98","Offline","0","0","0","115.6","1","43438","Not_Canceled"
"BID36168","2","0","1","4","Meal Plan 1","0","Room_Type 1","18","Online","0","0","0","94.4","1","6/13/2018","Not_Canceled"
"BID17914","2","1","0","4","Meal Plan 1","0","Room_Type 1","112","Online","0","0","0","100.3","2","43263","Canceled"
"BID34139","2","0","0","2","Meal Plan 1","0","Room_Type 1","86","Corporate","0","0","0","100","0","42987","Canceled"
"BID12837","2","0","1","2","Meal Plan 1","0","Room_Type 1","25","Online","0","0","0","155.67","4","9/16/2018","Not_Canceled"
"BID22603","2","1","0","1","Meal Plan 1","0","Room_Type 4","63","Online","0","0","0","161.1","1","43259","Not_Canceled"
"BID11748","1","0","2","4","Meal Plan 1","0","Room_Type 6","33","Online","0","0","0","139.52","0","4/24/2018","Canceled"
"BID09161","3","0","0","4","Meal Plan 1","0","Room_Type 4","98","Online","0","0","0","146.7","0","6/29/2018","Canceled"
"BID08396","2","0","2","4","Meal Plan 1","0","Room_Type 4","26","Online","0","0","0","114","1","43202","Not_Canceled"
"BID25949","1","0","0","1","Meal Plan 1","1","Room_Type 1","1","Corporate","1","0","1","65","0","3/29/2018","Not_Canceled"
"BID21482","2","0","0","2","Meal Plan 1","0","Room_Type 1","22","Offline","0","0","0","140","0","5/20/2018","Not_Canceled"
"BID32006","1","0","0","3","Meal Plan 1","0","Room_Type 1","1","Corporate","1","0","1","67","0","3/30/2018","Not_Canceled"
"BID02015","2","0","2","0","Meal Plan 2","0","Room_Type 1","386","Online","0","0","0","115","1","10/23/2018","Canceled"
"BID15697","1","0","0","2","Meal Plan 2","0","Room_Type 1","6","Online","0","0","0","0","0","43020","Not_Canceled"
"BID01603","2","0","1","1","Not Selected","0","Room_Type 1","146","Online","0","0","0","85.5","1","6/27/2018","Canceled"
"BID08188","2","0","0","1","Meal Plan 1","0","Room_Type 1","56","Offline","0","0","0","120","0","43318","Not_Canceled"
"BID21921","2","0","1","5","Meal Plan 1","0","Room_Type 4","124","Online","0","0","0","143.1","0","9/20/2018","Canceled"
"BID17830","2","0","0","2","Meal Plan 1","0","Room_Type 1","31","Online","0","0","0","108.9","1","5/24/2018","Not_Canceled"
"BID24798","2","1","0","1","Meal Plan 1","0","Room_Type 1","101","Online","0","0","0","121.5","3","7/15/2018","Not_Canceled"
"BID17228","2","0","2","4","Meal Plan 1","0","Room_Type 4","228","Online","0","0","0","115.6","2","43230","Canceled"
"BID34683","2","0","0","1","Not Selected","0","Room_Type 1","54","Online","0","0","0","125.1","0","8/26/2018","Canceled"
"BID27843","1","0","0","1","Meal Plan 1","0","Room_Type 1","4","Online","0","0","0","80","1","1/20/2018","Not_Canceled"
"BID04272","1","0","2","1","Meal Plan 1","0","Room_Type 1","30","Corporate","0","0","0","65","0","42895","Not_Canceled"
"BID31412","1","0","2","1","Meal Plan 1","0","Room_Type 1","116","Offline","0","0","0","75","0","2/28/2018","Not_Canceled"
"BID29041","1","0","2","2","Meal Plan 1","0","Room_Type 1","116","Offline","0","0","0","61","0","2/28/2018","Canceled"
"BID02929","1","0","0","2","Meal Plan 2","0","Room_Type 1","273","Offline","0","0","0","87","0","7/17/2017","Not_Canceled"
"BID10328","1","0","0","4","Meal Plan 1","0","Room_Type 1","13","Aviation","0","0","0","95","0","4/19/2018","Not_Canceled"
"BID00177","2","0","1","4","Not Selected","0","Room_Type 1","14","Online","0","0","0","91.43","1","8/17/2018","Not_Canceled"
"BID18840","2","0","1","3","Meal Plan 1","0","Room_Type 1","250","Offline","0","0","0","95","0","9/26/2018","Canceled"
"BID35292","2","0","0","1","Meal Plan 1","0","Room_Type 1","102","Online","0","0","0","118.8","1","43261","Canceled"
"BID34954","2","0","0","1","Meal Plan 1","0","Room_Type 1","73","Offline","0","0","0","72","0","10/28/2018","Not_Canceled"
"BID07310","1","0","0","2","Meal Plan 1","0","Room_Type 1","192","Offline","0","0","0","95","0","6/24/2018","Not_Canceled"
"BID02522","2","0","1","2","Meal Plan 2","1","Room_Type 1","15","Offline","0","0","0","111.8","0","43436","Not_Canceled"
"BID05082","1","0","0","2","Meal Plan 1","0","Room_Type 1","164","Offline","0","0","0","100","0","42776","Not_Canceled"
"BID03585","2","0","1","5","Meal Plan 1","0","Room_Type 4","113","Online","0","0","0","92.94","1","43227","Not_Canceled"
"BID05960","2","0","0","4","Meal Plan 1","0","Room_Type 4","151","Online","0","0","0","120.7","1","43258","Canceled"
"BID02766","2","0","2","1","Meal Plan 1","0","Room_Type 1","11","Online","0","0","0","109.67","2","4/16/2018","Not_Canceled"
"BID33684","1","0","2","1","Meal Plan 2","0","Room_Type 1","80","Offline","0","0","0","100","0","43377","Canceled"
"BID09909","2","0","1","3","Meal Plan 1","0","Room_Type 1","322","Offline","0","0","0","80","0","5/19/2018","Canceled"
"BID28337","1","0","1","1","Meal Plan 2","0","Room_Type 1","60","Online","0","0","0","0","0","9/21/2017","Not_Canceled"
"BID03483","2","0","1","4","Meal Plan 1","0","Room_Type 1","0","Online","0","0","0","82.88","0","12/19/2018","Not_Canceled"
"BID23486","3","0","0","2","Meal Plan 1","0","Room_Type 4","73","Online","0","0","0","159.3","2","5/25/2018","Not_Canceled"
"BID05576","2","0","0","3","Meal Plan 1","0","Room_Type 4","130","Online","0","0","0","139.5","2","9/29/2018","Not_Canceled"
"BID33903","3","0","2","1","Meal Plan 1","0","Room_Type 1","103","Offline","0","0","0","205","0","12/31/2018","Canceled"
"BID06063","2","0","2","5","Meal Plan 1","0","Room_Type 1","196","Online","0","0","0","55.96","2","8/16/2017","Not_Canceled"
"BID11421","2","0","0","2","Meal Plan 2","0","Room_Type 1","102","Offline","0","0","0","109","0","10/16/2017","Not_Canceled"
"BID12433","2","0","1","2","Not Selected","0","Room_Type 1","56","Online","0","0","0","116.1","1","5/13/2018","Not_Canceled"
"BID14949","2","0","1","3","Meal Plan 1","0","Room_Type 1","322","Offline","0","0","0","80","0","5/19/2018","Canceled"
"BID07616","2","0","2","1","Not Selected","0","Room_Type 1","26","Online","0","0","0","133","0","43141","Not_Canceled"
"BID10119","2","0","1","3","Meal Plan 1","0","Room_Type 1","100","Online","0","0","0","136","1","5/19/2018","Not_Canceled"
"BID09399","2","0","1","2","Meal Plan 1","0","Room_Type 1","119","Offline","0","0","0","55","0","3/18/2018","Not_Canceled"
"BID19550","1","0","0","4","Meal Plan 1","0","Room_Type 1","5","Corporate","0","0","0","80","0","2/24/2018","Not_Canceled"
"BID25129","1","0","1","2","Meal Plan 1","0","Room_Type 1","0","Corporate","1","0","2","95","0","43348","Not_Canceled"
"BID16448","3","0","2","6","Meal Plan 1","0","Room_Type 1","210","Offline","0","0","0","96.9","2","43139","Not_Canceled"
"BID09064","2","0","0","3","Meal Plan 1","0","Room_Type 1","0","Online","0","0","0","131","0","3/23/2018","Not_Canceled"
"BID28697","1","0","0","2","Meal Plan 1","0","Room_Type 1","28","Offline","0","0","0","75","0","10/29/2017","Not_Canceled"
"BID14612","2","0","2","3","Meal Plan 1","0","Room_Type 4","55","Offline","0","0","0","60","0","11/15/2017","Not_Canceled"
"BID31890","1","0","2","1","Meal Plan 1","0","Room_Type 1","1","Offline","0","0","0","60","0","2/28/2018","Canceled"
"BID02852","1","0","2","3","Meal Plan 1","0","Room_Type 1","2","Online","0","0","0","88","0","43132","Not_Canceled"
"BID20399","2","1","2","3","Meal Plan 1","0","Room_Type 1","31","Online","0","0","0","126.9","2","43440","Not_Canceled"
"BID20742","2","0","2","0","Not Selected","0","Room_Type 1","140","Online","0","0","0","94.5","0","7/17/2018","Canceled"
"BID02678","2","0","1","2","Meal Plan 1","0","Room_Type 4","133","Online","0","0","0","82.45","0","8/19/2018","Canceled"
"BID06133","2","0","2","1","Meal Plan 1","0","Room_Type 1","193","Online","0","0","0","70.44","0","43350","Canceled"
"BID00411","2","0","1","3","Meal Plan 1","0","Room_Type 1","71","Online","0","0","0","119.85","1","5/30/2018","Not_Canceled"
"BID02433","1","0","0","1","Meal Plan 1","0","Room_Type 1","15","Corporate","0","0","0","80","0","1/26/2018","Not_Canceled"
"BID12349","2","0","0","3","Meal Plan 1","0","Room_Type 1","213","Offline","0","0","0","130","0","43287","Canceled"
"BID31932","2","0","1","5","Meal Plan 1","0","Room_Type 4","123","Online","0","0","0","143.1","1","9/20/2018","Canceled"
"BID07585","2","0","2","0","Not Selected","0","Room_Type 1","18","Online","0","0","0","114","0","6/26/2018","Canceled"
"BID29665","2","0","2","2","Meal Plan 1","0","Room_Type 1","68","Online","0","0","0","108.38","1","4/24/2018","Canceled"
"BID31843","1","0","1","2","Meal Plan 1","0","Room_Type 1","37","Online","0","0","0","121.5","1","4/29/2018","Not_Canceled"
"BID30098","2","0","2","2","Meal Plan 1","0","Room_Type 1","1","Offline","0","0","0","68","1","43231","Not_Canceled"
"BID20975","2","0","2","2","Not Selected","0","Room_Type 1","118","Online","0","0","0","118.8","1","9/17/2018","Not_Canceled"
"BID05886","2","1","0","1","Meal Plan 1","1","Room_Type 1","4","Online","0","0","0","87.3","2","43313","Not_Canceled"
"BID13979","2","0","0","3","Meal Plan 1","0","Room_Type 1","72","Online","0","0","0","135.9","2","8/18/2018","Not_Canceled"
"BID26627","2","0","0","3","Meal Plan 1","0","Room_Type 1","34","Online","0","0","0","145.8","2","43017","Not_Canceled"
"BID23420","2","0","2","2","Meal Plan 1","0","Room_Type 1","63","Offline","0","0","0","110","0","5/20/2018","Not_Canceled"
"BID27040","2","0","1","2","Meal Plan 1","0","Room_Type 1","57","Offline","0","0","0","90.67","1","43379","Not_Canceled"
"BID21508","2","0","1","2","Not Selected","0","Room_Type 1","160","Online","0","0","0","94.5","0","7/25/2018","Canceled"
"BID32821","2","0","2","6","Not Selected","0","Room_Type 1","11","Offline","0","0","0","79.5","0","43111","Not_Canceled"
"BID04825","2","0","1","2","Meal Plan 1","0","Room_Type 1","35","Online","0","0","0","108.9","0","10/16/2017","Not_Canceled"
"BID11709","2","0","1","2","Meal Plan 1","0","Room_Type 4","35","Offline","0","0","0","75","1","10/26/2017","Not_Canceled"
"BID02212","1","0","1","2","Meal Plan 1","0","Room_Type 1","19","Online","0","0","0","126","0","43079","Not_Canceled"
"BID24414","3","0","0","3","Meal Plan 1","0","Room_Type 4","112","Online","0","0","0","131.13","0","12/27/2018","Canceled"
"BID07165","2","0","0","2","Not Selected","0","Room_Type 1","56","Online","0","0","0","79.2","1","12/16/2018","Not_Canceled"
"BID28013","2","0","1","2","Meal Plan 1","0","Room_Type 1","256","Offline","0","0","0","76.67","0","9/14/2017","Not_Canceled"
"BID35885","1","0","0","3","Not Selected","0","Room_Type 1","25","Online","0","0","0","129","0","43378","Not_Canceled"
"BID19602","3","0","2","0","Meal Plan 1","0","Room_Type 4","100","Online","0","0","0","146.7","2","43166","Not_Canceled"
"BID06343","2","0","2","2","Meal Plan 1","0","Room_Type 1","81","Online","0","0","0","117.9","3","8/14/2018","Not_Canceled"
"BID19954","2","0","2","1","Meal Plan 1","0","Room_Type 1","47","Online","0","0","0","81.9","1","3/13/2018","Not_Canceled"
"BID35582","2","1","0","2","Meal Plan 1","0","Room_Type 1","112","Online","0","0","0","121.5","2","7/15/2018","Not_Canceled"
"BID12396","2","0","0","2","Meal Plan 1","0","Room_Type 1","22","Corporate","0","0","0","75","0","12/18/2017","Not_Canceled"
"BID35768","2","0","0","3","Not Selected","0","Room_Type 1","174","Online","0","0","0","85.5","1","6/29/2018","Not_Canceled"
"BID33708","1","0","2","4","Meal Plan 1","0","Room_Type 1","245","Offline","0","0","0","110","0","43258","Canceled"
"BID14723","2","0","1","1","Meal Plan 1","0","Room_Type 2","1","Online","0","0","0","74.25","1","43191","Not_Canceled"
"BID01762","2","0","0","2","Meal Plan 1","0","Room_Type 1","111","Online","0","0","0","59.5","0","43323","Canceled"
"BID18946","2","1","2","2","Meal Plan 1","0","Room_Type 1","0","Online","0","0","0","106.25","2","10/21/2018","Not_Canceled"
"BID26292","2","1","1","1","Meal Plan 1","0","Room_Type 1","73","Online","0","0","0","112.05","1","10/31/2018","Canceled"
"BID29444","2","0","0","3","Meal Plan 1","0","Room_Type 1","68","Offline","0","0","0","71.33","1","12/31/2017","Not_Canceled"
"BID10144","2","0","0","1","Meal Plan 1","1","Room_Type 7","4","Complementary","0","0","0","0","2","11/20/2017","Not_Canceled"
"BID24566","3","0","0","3","Meal Plan 1","1","Room_Type 4","41","Online","0","0","0","123.3","2","3/15/2018","Not_Canceled"
"BID22186","1","0","2","3","Meal Plan 1","0","Room_Type 1","304","Offline","0","0","0","70","1","12/29/2018","Not_Canceled"
"BID17344","2","0","2","5","Meal Plan 1","0","Room_Type 4","59","Online","0","0","0","113.41","0","43438","Not_Canceled"
"BID26171","2","0","1","0","Not Selected","0","Room_Type 1","76","Online","0","0","0","79.2","2","43262","Not_Canceled"
"BID35151","2","0","0","3","Meal Plan 1","0","Room_Type 1","271","Offline","0","0","0","101.33","1","9/21/2018","Canceled"
"BID18380","1","0","1","3","Meal Plan 2","0","Room_Type 1","49","Offline","0","0","0","72","0","6/27/2018","Not_Canceled"
"BID02410","2","2","2","2","Meal Plan 1","0","Room_Type 7","0","Online","0","0","0","265","0","43319","Canceled"
"BID05431","2","0","1","4","Meal Plan 1","0","Room_Type 1","19","Online","0","0","0","91","2","2/15/2018","Canceled"
"BID07330","2","0","2","2","Meal Plan 1","0","Room_Type 1","213","Online","0","0","0","102.85","1","43110","Canceled"
"BID29454","2","0","2","1","Meal Plan 1","0","Room_Type 1","89","Offline","0","0","0","75","0","43105","Not_Canceled"
"BID23259","1","0","1","0","Meal Plan 1","0","Room_Type 1","2","Online","0","0","0","85","2","6/13/2018","Not_Canceled"
"BID28551","2","0","0","3","Meal Plan 1","0","Room_Type 1","103","Offline","0","0","0","80","0","43195","Not_Canceled"
"BID06154","2","0","0","1","Meal Plan 1","0","Room_Type 1","85","Online","0","0","0","90.9","3","10/26/2018","Not_Canceled"
"BID09706","2","2","0","1","Meal Plan 1","0","Room_Type 6","219","Online","0","0","0","168.3","2","8/18/2018","Canceled"
"BID21466","2","0","1","1","Meal Plan 1","0","Room_Type 1","35","Online","0","0","0","104.85","1","10/17/2017","Not_Canceled"
"BID04639","2","0","1","2","Meal Plan 2","0","Room_Type 1","161","Online","0","0","0","130","0","3/25/2018","Canceled"
"BID15094","2","0","2","1","Meal Plan 1","0","Room_Type 1","205","Offline","0","0","0","90","0","5/29/2018","Canceled"
"BID15775","2","0","2","3","Meal Plan 1","0","Room_Type 1","54","Offline","0","0","0","85","0","43412","Canceled"
"BID30036","2","0","0","2","Meal Plan 1","0","Room_Type 1","169","Online","0","0","0","96.3","0","6/30/2018","Canceled"
"BID11083","2","0","2","5","Meal Plan 1","0","Room_Type 4","56","Online","0","0","0","132.6","0","5/13/2018","Canceled"
"BID08276","3","0","2","1","Meal Plan 1","0","Room_Type 4","158","Online","0","0","0","151.2","2","43353","Canceled"
"BID01981","2","0","2","1","Meal Plan 2","0","Room_Type 1","5","Offline","0","0","0","125","0","5/15/2018","Not_Canceled"
"BID28550","2","0","0","2","Meal Plan 2","0","Room_Type 1","74","Offline","0","0","0","109","2","9/18/2017","Not_Canceled"
"BID11091","2","0","0","2","Meal Plan 1","0","Room_Type 1","68","Offline","0","0","0","65","0","9/29/2017","Not_Canceled"
"BID08780","2","2","2","3","Meal Plan 1","0","Room_Type 6","85","Online","0","0","0","157.25","1","3/24/2018","Canceled"
"BID12628","2","0","1","0","Meal Plan 1","0","Room_Type 1","0","Complementary","0","0","0","0","0","42802","Not_Canceled"
"BID34976","1","0","0","1","Meal Plan 1","0","Room_Type 1","19","Corporate","0","0","0","95","1","10/27/2017","Not_Canceled"
"BID12498","2","0","1","4","Meal Plan 1","0","Room_Type 4","39","Online","0","0","0","140.08","0","43354","Not_Canceled"
"BID14635","2","0","1","1","Meal Plan 1","0","Room_Type 2","75","Online","0","0","0","78","0","3/21/2018","Not_Canceled"
"BID33185","2","0","0","4","Meal Plan 1","0","Room_Type 1","197","Online","0","0","0","110.43","0","12/29/2017","Not_Canceled"
"BID10286","1","0","0","4","Meal Plan 1","0","Room_Type 1","14","Online","0","0","0","0","0","5/18/2018","Not_Canceled"
"BID26710","2","0","1","2","Meal Plan 2","0","Room_Type 1","161","Offline","0","0","0","130","0","3/25/2018","Canceled"
"BID19748","1","0","1","1","Meal Plan 2","0","Room_Type 1","88","Offline","0","0","0","90.6","0","42865","Not_Canceled"
"BID03571","1","0","0","2","Meal Plan 2","0","Room_Type 1","14","Online","0","0","0","0","0","9/17/2017","Not_Canceled"
"BID32082","2","0","2","3","Meal Plan 1","0","Room_Type 1","26","Offline","0","0","0","85","0","43166","Not_Canceled"
"BID12580","2","0","0","2","Meal Plan 1","0","Room_Type 1","175","Online","0","0","0","96.3","1","7/13/2018","Not_Canceled"
"BID02816","2","0","1","3","Not Selected","0","Room_Type 1","104","Online","0","0","0","72.25","1","4/18/2018","Canceled"
"BID18551","2","0","0","3","Meal Plan 1","0","Room_Type 1","104","Offline","0","0","0","75","0","42806","Not_Canceled"
"BID03438","2","0","1","2","Meal Plan 1","0","Room_Type 1","133","Offline","0","0","0","80.75","1","4/25/2018","Not_Canceled"
"BID21559","3","0","0","3","Meal Plan 1","0","Room_Type 4","46","Online","0","0","0","129.6","2","43170","Not_Canceled"
"BID18224","2","0","2","0","Not Selected","0","Room_Type 1","34","Online","0","0","0","99","1","9/25/2018","Not_Canceled"
"BID01677","2","0","2","3","Meal Plan 1","0","Room_Type 5","58","Online","0","0","0","96.08","0","4/21/2018","Not_Canceled"
"BID17182","1","0","1","0","Not Selected","0","Room_Type 1","52","Online","0","0","0","118","1","8/28/2018","Canceled"
"BID02014","1","0","0","2","Meal Plan 2","0","Room_Type 1","265","Offline","0","0","0","90","0","6/24/2018","Not_Canceled"
"BID18012","2","0","1","2","Meal Plan 1","0","Room_Type 1","338","Offline","0","0","0","80","0","43291","Canceled"
"BID02898","2","0","0","2","Meal Plan 1","0","Room_Type 1","46","Offline","0","0","0","75","0","43415","Not_Canceled"
"BID01750","1","0","0","1","Not Selected","0","Room_Type 1","8","Online","0","0","0","119","0","5/25/2018","Canceled"
"BID20957","2","0","1","2","Meal Plan 1","0","Room_Type 1","302","Offline","0","0","0","100","0","9/16/2018","Canceled"
"BID17599","2","0","0","3","Meal Plan 1","0","Room_Type 4","91","Online","0","0","0","132.3","2","10/20/2018","Canceled"
"BID21442","2","0","2","3","Meal Plan 2","0","Room_Type 1","16","Offline","0","0","0","110.75","0","5/29/2018","Not_Canceled"
"BID22990","2","0","1","1","Meal Plan 1","0","Room_Type 1","45","Online","0","0","0","93.6","0","11/19/2018","Canceled"
"BID19989","2","0","1","2","Not Selected","0","Room_Type 1","64","Online","0","0","0","51.97","1","43407","Not_Canceled"
"BID13214","2","1","0","3","Meal Plan 1","0","Room_Type 1","159","Online","0","0","0","119.85","1","5/26/2018","Canceled"
"BID00342","2","1","2","5","Meal Plan 1","0","Room_Type 1","95","Online","0","0","0","103.7","3","12/21/2018","Not_Canceled"
"BID14449","2","0","0","2","Meal Plan 1","0","Room_Type 1","36","Offline","0","0","0","67.32","1","3/29/2018","Not_Canceled"
"BID18197","2","0","0","4","Not Selected","0","Room_Type 1","16","Online","0","0","0","79","0","2/17/2018","Canceled"
"BID08235","2","0","0","1","Not Selected","0","Room_Type 1","7","Online","0","0","0","74.8","4","12/29/2018","Not_Canceled"
"BID34016","2","0","0","3","Meal Plan 1","0","Room_Type 1","314","Offline","0","0","0","75","0","43444","Canceled"
"BID16746","2","0","0","3","Meal Plan 1","0","Room_Type 1","213","Offline","0","0","0","130","0","43287","Canceled"
"BID16002","2","0","0","1","Meal Plan 1","0","Room_Type 1","105","Offline","0","0","0","75","0","43255","Canceled"
"BID27663","1","0","1","1","Meal Plan 1","0","Room_Type 1","12","Corporate","0","0","0","79","0","43446","Not_Canceled"
"BID11087","2","1","0","2","Meal Plan 1","0","Room_Type 6","69","Online","0","0","0","171.2","3","43101","Not_Canceled"
"BID29294","1","0","0","1","Meal Plan 1","0","Room_Type 1","1","Online","0","0","0","135","1","43409","Not_Canceled"
"BID00181","2","0","0","3","Meal Plan 1","0","Room_Type 1","11","Online","0","0","0","80.85","1","42987","Not_Canceled"
"BID23506","2","0","0","1","Meal Plan 1","1","Room_Type 1","1","Online","0","0","0","101","0","4/13/2018","Not_Canceled"
"BID14677","2","0","1","2","Meal Plan 2","0","Room_Type 1","315","Offline","0","0","0","160","0","9/30/2018","Canceled"
"BID26044","2","2","2","5","Meal Plan 1","0","Room_Type 6","145","Online","0","0","0","184.95","1","43320","Not_Canceled"
"BID01628","2","0","0","2","Meal Plan 2","0","Room_Type 1","256","Online","0","0","0","115","1","6/15/2018","Canceled"
"BID33436","2","0","1","1","Meal Plan 1","0","Room_Type 1","135","Online","0","0","0","90","2","43231","Not_Canceled"
"BID06944","2","0","0","5","Meal Plan 1","0","Room_Type 1","140","Offline","0","0","0","70","0","12/29/2017","Not_Canceled"
"BID02847","2","0","2","5","Not Selected","0","Room_Type 1","39","Online","0","0","0","74.8","1","11/15/2018","Canceled"
"BID21653","1","0","1","2","Meal Plan 1","0","Room_Type 1","118","Offline","0","0","0","110","0","43257","Not_Canceled"
"BID09718","1","0","0","1","Meal Plan 1","0","Room_Type 1","8","Corporate","0","0","0","79","0","12/14/2018","Not_Canceled"
"BID31596","2","0","0","3","Meal Plan 2","0","Room_Type 1","36","Offline","0","0","0","112","0","10/13/2017","Not_Canceled"
"BID29664","2","0","0","1","Not Selected","0","Room_Type 1","205","Online","0","0","0","116.1","0","9/15/2018","Canceled"
"BID15831","1","0","2","3","Meal Plan 1","0","Room_Type 1","61","Online","0","0","0","155.52","3","43262","Not_Canceled"
"BID28093","3","0","0","4","Meal Plan 1","0","Room_Type 4","35","Online","0","0","0","168.3","2","8/16/2018","Not_Canceled"
"BID15176","2","0","0","2","Meal Plan 2","0","Room_Type 1","265","Offline","0","0","0","115","1","6/24/2018","Canceled"
"BID04193","2","0","0","2","Meal Plan 1","0","Room_Type 1","122","Offline","0","0","0","85","0","4/15/2018","Not_Canceled"
"BID15194","2","0","0","3","Meal Plan 2","0","Room_Type 1","36","Offline","0","0","0","112","0","10/13/2017","Not_Canceled"
"BID11286","2","0","0","2","Meal Plan 2","0","Room_Type 1","74","Offline","0","0","0","109","0","9/18/2017","Not_Canceled"
"BID25380","2","0","0","1","Not Selected","0","Room_Type 1","11","Online","0","0","0","140","1","43384","Canceled"
"BID18317","2","0","1","4","Meal Plan 1","0","Room_Type 4","141","Online","0","0","0","116.11","0","5/23/2018","Canceled"
"BID18188","2","0","1","3","Meal Plan 1","0","Room_Type 1","109","Online","0","0","0","107.55","1","43411","Not_Canceled"
"BID27392","2","2","0","4","Meal Plan 1","0","Room_Type 6","32","Online","0","0","0","191.7","0","43318","Canceled"
"BID27093","2","0","0","3","Meal Plan 1","0","Room_Type 1","33","Online","0","0","0","84.57","1","43375","Not_Canceled"
"BID35631","2","0","3","7","Meal Plan 1","0","Room_Type 4","351","Online","0","0","0","85.85","3","12/23/2018","Not_Canceled"
"BID22409","2","0","2","1","Meal Plan 1","0","Room_Type 1","145","Offline","0","0","0","65","0","43160","Not_Canceled"
"BID31759","2","0","0","1","Meal Plan 1","0","Room_Type 1","23","Online","0","0","0","91","1","2/13/2018","Not_Canceled"
"BID13232","2","2","0","1","Meal Plan 1","1","Room_Type 6","1","Online","0","0","0","228","2","8/24/2018","Not_Canceled"
"BID22398","2","1","0","4","Meal Plan 1","0","Room_Type 1","51","Online","0","0","0","103.7","2","43263","Not_Canceled"
"BID32903","1","0","2","3","Not Selected","0","Room_Type 1","59","Online","0","0","0","79.05","2","3/20/2018","Not_Canceled"
"BID03949","2","0","0","2","Meal Plan 2","0","Room_Type 1","346","Online","0","0","0","115","1","9/13/2018","Canceled"
"BID16159","1","0","1","1","Meal Plan 1","0","Room_Type 1","3","Offline","0","0","0","70","0","4/18/2018","Not_Canceled"
"BID31483","2","0","2","2","Not Selected","0","Room_Type 1","47","Online","0","0","0","63.75","1","12/20/2017","Not_Canceled"
"BID31147","2","0","0","3","Meal Plan 1","0","Room_Type 1","30","Offline","0","0","0","85","0","10/27/2018","Not_Canceled"
"BID25732","2","0","1","2","Meal Plan 1","0","Room_Type 1","174","Online","0","0","0","115.2","1","3/25/2018","Canceled"
"BID27151","2","1","2","3","Meal Plan 2","0","Room_Type 1","159","Online","0","0","0","143.55","1","43110","Canceled"
"BID10462","2","0","1","3","Meal Plan 1","0","Room_Type 4","38","Online","0","0","0","118.8","1","4/21/2018","Not_Canceled"
"BID30078","2","0","2","4","Meal Plan 1","0","Room_Type 1","13","Online","0","0","0","88.4","2","12/18/2018","Not_Canceled"
"BID31473","2","0","1","4","Meal Plan 1","0","Room_Type 1","196","Online","0","0","0","97.75","1","8/24/2018","Not_Canceled"
"BID15470","1","0","1","0","Meal Plan 1","0","Room_Type 4","5","Aviation","0","0","0","110","0","43443","Canceled"
"BID19145","2","0","0","3","Not Selected","0","Room_Type 1","67","Online","0","0","0","116.1","1","43349","Not_Canceled"
"BID29667","2","0","0","1","Meal Plan 1","0","Room_Type 1","43","Online","0","0","0","119","1","10/25/2018","Not_Canceled"
"BID15052","2","0","2","3","Not Selected","0","Room_Type 1","48","Online","0","0","0","63.22","1","43104","Not_Canceled"
"BID33904","1","0","1","0","Not Selected","0","Room_Type 1","3","Online","0","0","0","68","0","43446","Not_Canceled"
"BID19918","2","0","2","5","Meal Plan 1","0","Room_Type 1","20","Online","0","0","0","76.81","0","42744","Not_Canceled"
"BID16621","3","0","0","3","Meal Plan 1","0","Room_Type 4","113","Online","0","0","0","137.7","2","43441","Not_Canceled"
"BID21925","2","0","0","3","Meal Plan 1","0","Room_Type 1","160","Offline","0","0","0","70.67","0","12/30/2017","Not_Canceled"
"BID31241","1","0","0","2","Meal Plan 1","0","Room_Type 1","1","Offline","1","1","0","98.1","0","9/30/2017","Not_Canceled"
"BID12912","2","0","2","3","Meal Plan 1","0","Room_Type 1","27","Offline","0","0","0","87","0","43254","Not_Canceled"
"BID33245","1","0","0","3","Meal Plan 1","0","Room_Type 1","4","Corporate","1","0","5","65","1","2/16/2018","Not_Canceled"
"BID26941","2","0","0","2","Not Selected","0","Room_Type 1","17","Offline","0","0","0","85","0","9/27/2018","Not_Canceled"
"BID35722","2","0","0","2","Meal Plan 1","0","Room_Type 1","68","Offline","0","0","0","65","0","9/29/2017","Not_Canceled"
"BID21905","2","0","0","1","Meal Plan 1","0","Room_Type 2","180","Online","0","0","0","97.54","1","8/20/2018","Not_Canceled"
"BID06817","2","1","1","4","Meal Plan 1","0","Room_Type 1","20","Online","0","0","0","159","1","7/25/2018","Not_Canceled"
"BID29336","2","0","0","3","Not Selected","0","Room_Type 1","6","Online","0","0","0","108.99","1","43321","Not_Canceled"
"BID32686","2","0","0","1","Meal Plan 2","0","Room_Type 1","55","Offline","0","0","0","104","0","43255","Not_Canceled"
"BID19316","2","0","2","2","Meal Plan 2","0","Room_Type 4","110","Offline","0","0","0","118.06","0","43166","Not_Canceled"
"BID30677","2","1","1","1","Meal Plan 1","0","Room_Type 1","165","Online","0","0","0","94.56","2","43108","Not_Canceled"
"BID31503","2","0","1","2","Meal Plan 1","0","Room_Type 1","198","Offline","0","0","0","90","0","43352","Canceled"
"BID18683","1","0","0","1","Not Selected","0","Room_Type 1","28","Online","0","0","0","110","0","43142","Canceled"
"BID19029","2","0","1","2","Meal Plan 1","0","Room_Type 1","40","Online","0","0","0","94.5","2","42865","Not_Canceled"
"BID20898","2","0","0","3","Meal Plan 1","0","Room_Type 5","166","Offline","0","0","0","130","0","43111","Canceled"
"BID02483","2","0","0","1","Meal Plan 1","0","Room_Type 4","85","Online","0","0","0","140.4","0","43137","Canceled"
"BID14272","2","0","1","0","Meal Plan 1","0","Room_Type 4","57","Online","0","0","0","87.32","1","6/27/2018","Not_Canceled"
"BID08007","2","0","0","3","Meal Plan 1","1","Room_Type 4","94","Online","0","0","0","96.3","0","43346","Not_Canceled"
"BID24485","2","0","0","4","Meal Plan 1","0","Room_Type 1","253","Offline","0","0","0","90","0","43195","Canceled"
"BID03819","2","0","0","2","Not Selected","0","Room_Type 1","21","Online","0","0","0","148","2","8/19/2018","Not_Canceled"
"BID09199","2","0","2","0","Not Selected","0","Room_Type 1","22","Online","0","0","0","139","1","8/21/2018","Canceled"
"BID18322","1","0","0","2","Meal Plan 1","0","Room_Type 4","5","Online","0","0","0","136","2","43379","Not_Canceled"
"BID04120","2","0","0","3","Meal Plan 1","0","Room_Type 4","1","Online","0","0","0","155","2","42926","Not_Canceled"
"BID22204","2","0","0","2","Meal Plan 1","0","Room_Type 1","308","Offline","0","0","0","52","0","11/25/2018","Canceled"
"BID14604","2","0","0","2","Not Selected","0","Room_Type 1","29","Online","0","0","0","81.55","2","43193","Not_Canceled"
"BID26263","2","0","1","5","Meal Plan 1","0","Room_Type 4","51","Online","0","0","0","139.5","2","10/17/2018","Canceled"
"BID07197","2","1","2","4","Meal Plan 1","0","Room_Type 4","4","Online","0","0","0","145.25","0","43379","Canceled"
"BID30398","2","1","0","2","Meal Plan 1","0","Room_Type 1","84","Online","0","0","0","121.5","2","7/15/2018","Not_Canceled"
"BID35117","2","0","1","2","Meal Plan 1","0","Room_Type 1","86","Offline","0","0","0","65","1","5/20/2018","Not_Canceled"
"BID27756","2","0","0","2","Meal Plan 1","0","Room_Type 1","43","Offline","0","0","0","72","1","43143","Not_Canceled"
"BID19647","2","0","0","3","Meal Plan 2","0","Room_Type 1","190","Online","0","0","0","165.6","0","43321","Canceled"
"BID28590","1","0","2","1","Meal Plan 2","0","Room_Type 1","80","Offline","0","0","0","100","0","43377","Canceled"
"BID00611","2","0","2","5","Meal Plan 1","0","Room_Type 1","164","Online","0","0","0","99.45","0","7/27/2018","Canceled"
"BID02423","3","0","2","3","Meal Plan 1","0","Room_Type 4","119","Online","0","0","0","151.2","2","10/16/2018","Not_Canceled"
"BID08899","1","0","0","1","Meal Plan 1","1","Room_Type 1","0","Corporate","1","1","0","67","0","43104","Not_Canceled"
"BID14692","2","0","0","2","Meal Plan 1","0","Room_Type 1","50","Online","0","0","0","78.3","0","2/26/2018","Canceled"
"BID33567","2","0","2","1","Meal Plan 1","0","Room_Type 1","19","Online","1","1","0","69","0","42867","Not_Canceled"
"BID28245","2","0","1","3","Meal Plan 2","0","Room_Type 4","46","Online","0","0","0","149.4","0","6/20/2018","Not_Canceled"
"BID23262","2","0","2","1","Meal Plan 1","0","Room_Type 1","88","Online","0","0","0","102.3","1","6/26/2018","Not_Canceled"
"BID09018","2","0","1","2","Meal Plan 1","0","Room_Type 1","142","Online","0","0","0","125.33","1","43348","Not_Canceled"
"BID22206","2","0","1","2","Meal Plan 1","0","Room_Type 4","2","Online","0","0","0","59.75","1","11/27/2017","Not_Canceled"
"BID26517","2","0","2","5","Not Selected","0","Room_Type 1","162","Online","0","0","0","86.82","0","7/14/2018","Canceled"
"BID22962","2","0","1","2","Meal Plan 1","0","Room_Type 1","9","Online","0","0","0","141","3","6/17/2018","Not_Canceled"
"BID23025","3","0","0","3","Meal Plan 1","0","Room_Type 4","5","Online","0","0","0","157","2","43438","Not_Canceled"
"BID11303","2","0","2","2","Meal Plan 1","0","Room_Type 1","226","Offline","0","0","0","70","1","10/29/2018","Not_Canceled"
"BID25737","2","0","0","1","Not Selected","0","Room_Type 1","0","Online","0","0","0","79","1","2/26/2018","Not_Canceled"
"BID25795","2","0","0","1","Not Selected","0","Room_Type 1","2","Online","0","0","0","95","1","42836","Not_Canceled"
"BID33299","1","0","1","2","Meal Plan 1","0","Room_Type 1","32","Corporate","1","0","1","95","0","43383","Not_Canceled"
"BID06274","2","0","2","2","Meal Plan 1","0","Room_Type 4","242","Online","0","0","0","108.8","0","43382","Canceled"
"BID18781","2","0","0","4","Meal Plan 1","0","Room_Type 1","78","Offline","0","0","0","75","0","4/26/2018","Not_Canceled"
"BID30699","1","0","0","3","Meal Plan 1","0","Room_Type 1","166","Offline","0","0","0","110","0","43111","Canceled"
"BID33578","3","0","2","3","Meal Plan 2","0","Room_Type 1","21","Online","0","0","0","194.8","0","8/19/2018","Not_Canceled"
"BID19839","2","0","2","5","Meal Plan 1","0","Room_Type 4","181","Online","0","0","0","112.2","1","43198","Canceled"
"BID30311","2","0","1","2","Meal Plan 1","0","Room_Type 1","233","Offline","0","0","0","90","0","10/14/2018","Canceled"
"BID05412","2","0","0","1","Meal Plan 1","1","Room_Type 1","60","Online","0","0","0","127.8","1","43414","Not_Canceled"
"BID26043","2","0","2","3","Meal Plan 2","0","Room_Type 1","116","Online","0","0","0","124.3","2","12/24/2018","Not_Canceled"
"BID33538","2","0","0","0","Meal Plan 1","0","Room_Type 2","166","Online","0","0","0","0","2","4/21/2018","Not_Canceled"
"BID18005","2","0","0","4","Meal Plan 1","0","Room_Type 1","20","Online","0","0","0","102","1","43111","Canceled"
"BID19899","2","0","1","2","Meal Plan 1","0","Room_Type 1","418","Offline","0","0","0","75","0","9/26/2018","Canceled"
"BID35528","2","0","1","0","Not Selected","0","Room_Type 1","52","Online","0","0","0","99","0","8/28/2018","Not_Canceled"
"BID15461","2","0","0","1","Meal Plan 1","0","Room_Type 4","23","Online","0","0","0","166","1","43167","Not_Canceled"
"BID20791","2","0","0","3","Meal Plan 1","0","Room_Type 4","15","Online","0","0","0","142.67","1","6/21/2018","Not_Canceled"
"BID23024","3","0","1","4","Meal Plan 1","0","Room_Type 4","71","Offline","0","0","0","115.6","0","43106","Canceled"
"BID31339","2","0","2","0","Not Selected","0","Room_Type 1","2","Online","0","0","0","122","1","6/26/2018","Not_Canceled"
"BID35624","2","0","1","3","Meal Plan 1","0","Room_Type 1","322","Offline","0","0","0","80","0","5/19/2018","Canceled"
"BID03523","1","0","0","1","Meal Plan 1","0","Room_Type 1","8","Corporate","1","0","1","65","1","43261","Not_Canceled"
"BID08142","2","0","2","2","Meal Plan 1","0","Room_Type 1","71","Online","0","0","0","87.13","1","43163","Not_Canceled"
"BID23972","3","0","0","4","Meal Plan 1","0","Room_Type 1","24","Offline","0","0","0","60.75","1","42805","Not_Canceled"
"BID19027","2","0","1","1","Meal Plan 1","0","Room_Type 1","60","Offline","0","0","0","65","0","9/21/2017","Not_Canceled"
"BID31499","2","0","0","2","Meal Plan 1","0","Room_Type 1","21","Online","0","0","0","93","1","43376","Not_Canceled"
"BID21637","2","0","0","2","Meal Plan 1","0","Room_Type 1","48","Offline","0","0","0","130","0","9/14/2018","Not_Canceled"
"BID35811","2","0","1","2","Not Selected","0","Room_Type 1","20","Online","0","0","0","77","1","43102","Not_Canceled"
"BID33401","2","0","0","2","Meal Plan 2","0","Room_Type 1","265","Offline","0","0","0","115","1","6/24/2018","Canceled"
"BID35008","1","0","0","1","Meal Plan 1","0","Room_Type 1","0","Offline","0","0","0","64.4","0","3/18/2018","Not_Canceled"
"BID25311","2","0","1","4","Meal Plan 1","0","Room_Type 1","148","Offline","0","0","0","67","0","12/30/2017","Not_Canceled"
"BID20884","2","1","0","3","Not Selected","0","Room_Type 1","170","Online","0","0","0","86.24","2","7/28/2018","Not_Canceled"
"BID06319","1","0","4","11","Meal Plan 1","0","Room_Type 4","26","Online","0","0","0","131.57","1","43231","Canceled"
"BID21619","2","0","1","2","Meal Plan 1","0","Room_Type 4","12","Online","0","0","0","136","1","43408","Not_Canceled"
"BID00330","2","0","0","2","Meal Plan 1","0","Room_Type 4","67","Online","0","0","0","140.4","1","5/27/2018","Not_Canceled"
"BID32451","2","0","0","2","Not Selected","0","Room_Type 1","121","Online","0","0","0","112.5","1","43288","Not_Canceled"
"BID19916","2","0","2","2","Meal Plan 1","0","Room_Type 1","152","Online","0","0","0","76.58","1","43286","Not_Canceled"
"BID23053","2","1","0","2","Meal Plan 1","0","Room_Type 1","3","Online","0","0","0","139","0","3/23/2018","Canceled"
"BID33715","2","0","0","2","Meal Plan 2","0","Room_Type 1","265","Offline","0","0","0","115","1","6/24/2018","Canceled"
"BID02763","1","0","1","2","Meal Plan 1","0","Room_Type 1","11","Online","0","0","0","86","0","12/19/2018","Not_Canceled"
"BID24562","1","0","1","0","Meal Plan 1","0","Room_Type 1","119","Online","0","0","0","68","1","7/20/2017","Canceled"
"BID25638","2","1","2","8","Meal Plan 1","0","Room_Type 1","136","Online","0","0","0","117.36","0","8/23/2018","Canceled"
"BID01941","2","0","0","2","Not Selected","0","Room_Type 1","54","Online","0","0","0","116.1","0","43256","Canceled"
"BID20173","2","0","0","2","Meal Plan 1","0","Room_Type 1","322","Offline","0","0","0","52","0","43355","Not_Canceled"
"BID13662","2","0","2","1","Meal Plan 1","0","Room_Type 1","221","Offline","0","0","0","65","0","10/17/2017","Not_Canceled"
"BID16170","2","0","2","1","Meal Plan 1","0","Room_Type 1","128","Online","0","0","0","96.3","1","43138","Not_Canceled"
"BID26576","2","0","0","1","Not Selected","0","Room_Type 1","1","Online","0","0","0","91","1","2/27/2018","Not_Canceled"
"BID14901","2","0","0","1","Meal Plan 1","0","Room_Type 1","42","Online","0","0","0","80.3","0","2/20/2018","Not_Canceled"
"BID34022","1","0","1","2","Meal Plan 1","0","Room_Type 1","219","Offline","0","0","0","76.67","1","42834","Not_Canceled"
"BID06789","2","1","2","0","Meal Plan 1","0","Room_Type 1","49","Online","0","0","0","161.1","1","8/21/2018","Not_Canceled"
"BID02172","2","0","0","3","Meal Plan 1","0","Room_Type 1","56","Online","0","0","0","93.6","1","11/23/2018","Canceled"
"BID17714","1","0","0","1","Meal Plan 1","0","Room_Type 1","43","Offline","0","0","0","75","0","10/13/2017","Not_Canceled"
"BID32718","2","1","1","4","Meal Plan 1","0","Room_Type 1","47","Online","0","0","0","119.17","0","4/25/2018","Canceled"
"BID12711","1","0","0","2","Meal Plan 1","0","Room_Type 1","167","Offline","0","0","0","78.2","0","43230","Canceled"
"BID24392","3","0","2","0","Meal Plan 1","0","Room_Type 6","76","Online","0","0","0","207.9","1","43199","Canceled"
"BID07431","1","0","2","4","Meal Plan 1","0","Room_Type 1","176","Online","0","0","0","61.52","0","3/20/2018","Canceled"
"BID16050","1","0","1","3","Meal Plan 1","0","Room_Type 1","118","Offline","0","0","0","110","0","43257","Not_Canceled"
"BID29173","1","0","1","0","Not Selected","0","Room_Type 1","6","Online","0","0","0","119","1","43440","Canceled"
"BID24430","2","1","0","2","Meal Plan 1","0","Room_Type 1","33","Online","0","0","0","134.1","0","7/19/2018","Canceled"
"BID09900","2","1","1","3","Meal Plan 1","0","Room_Type 1","207","Online","0","0","0","123.25","1","8/29/2018","Canceled"
"BID14001","2","0","2","3","Not Selected","0","Room_Type 1","95","Offline","0","0","0","59.5","0","43262","Not_Canceled"
"BID08635","2","2","0","1","Meal Plan 1","0","Room_Type 2","0","Online","0","0","0","83.03","0","43315","Not_Canceled"
"BID14882","2","0","1","1","Not Selected","0","Room_Type 1","11","Online","0","0","0","90","2","11/19/2018","Not_Canceled"
"BID15290","1","0","0","2","Meal Plan 1","0","Room_Type 1","1","Corporate","1","0","7","65","1","43224","Not_Canceled"
"BID02807","1","0","1","2","Meal Plan 1","0","Room_Type 1","106","Online","0","0","0","113.4","2","43291","Not_Canceled"
"BID35306","1","0","0","1","Not Selected","0","Room_Type 1","0","Online","0","0","0","84.7","1","10/25/2018","Canceled"
"BID06009","2","0","2","2","Not Selected","0","Room_Type 1","224","Online","0","0","0","80.75","0","8/21/2018","Canceled"
"BID03542","2","0","0","4","Not Selected","0","Room_Type 1","177","Online","0","0","0","82.88","0","8/24/2018","Canceled"
"BID02337","0","2","1","3","Meal Plan 1","0","Room_Type 2","48","Online","0","0","0","6","1","10/19/2017","Not_Canceled"
"BID09772","2","0","0","3","Meal Plan 1","0","Room_Type 1","37","Offline","0","0","0","105","0","10/13/2018","Not_Canceled"
"BID04434","2","0","1","1","Meal Plan 1","0","Room_Type 1","80","Online","0","0","0","126.9","1","43136","Not_Canceled"
"BID21523","2","0","1","3","Meal Plan 1","0","Room_Type 4","60","Online","0","0","0","82.45","1","3/14/2018","Not_Canceled"
"BID14637","2","0","1","1","Not Selected","0","Room_Type 1","24","Online","0","0","0","107.1","0","9/26/2018","Canceled"
"BID18115","1","0","0","1","Not Selected","0","Room_Type 1","181","Online","0","0","0","78.48","0","43414","Canceled"
"BID15713","2","0","2","4","Meal Plan 1","0","Room_Type 4","4","Offline","0","0","0","80.2","0","2/28/2018","Not_Canceled"
"BID29274","3","0","0","1","Meal Plan 1","1","Room_Type 4","5","Online","0","0","0","206","3","5/28/2018","Not_Canceled"
"BID30696","2","0","0","3","Meal Plan 1","0","Room_Type 1","43","Online","0","0","0","123.9","0","7/19/2018","Canceled"
"BID09925","2","0","0","3","Not Selected","0","Room_Type 1","35","Online","0","0","0","70.03","1","2/25/2018","Not_Canceled"
"BID32186","2","0","2","2","Not Selected","0","Room_Type 1","153","Offline","0","0","0","72.25","1","10/16/2018","Not_Canceled"
"BID13219","2","0","2","1","Meal Plan 1","0","Room_Type 1","75","Offline","0","0","0","80.75","0","6/26/2018","Not_Canceled"
"BID00694","2","0","1","2","Meal Plan 1","0","Room_Type 4","189","Online","0","0","0","109.8","0","10/28/2018","Canceled"
"BID27992","2","0","2","3","Meal Plan 1","0","Room_Type 1","215","Online","0","0","0","106.25","0","43353","Canceled"
"BID18821","2","0","0","4","Meal Plan 1","0","Room_Type 1","29","Online","0","0","0","150.06","1","43354","Not_Canceled"
"BID35705","2","0","1","0","Meal Plan 1","0","Room_Type 1","12","Online","0","0","0","131","0","4/25/2018","Canceled"
"BID26199","2","0","1","0","Not Selected","0","Room_Type 1","21","Online","0","0","0","100","2","43262","Not_Canceled"
"BID12111","2","0","1","3","Meal Plan 1","0","Room_Type 1","82","Online","0","0","0","72.25","1","42777","Canceled"
"BID07158","2","1","1","3","Meal Plan 1","0","Room_Type 4","166","Online","0","0","0","110.37","2","6/23/2018","Canceled"
"BID30007","2","0","0","2","Meal Plan 1","0","Room_Type 4","1","Offline","0","0","0","107","0","4/19/2018","Not_Canceled"
"BID21865","2","0","0","3","Meal Plan 2","0","Room_Type 1","34","Offline","0","0","0","224.67","0","9/23/2017","Canceled"
"BID00953","2","0","2","2","Meal Plan 1","0","Room_Type 1","36","Online","0","0","0","126.9","2","5/21/2018","Not_Canceled"
"BID20246","1","0","0","2","Meal Plan 1","0","Room_Type 4","7","Offline","0","0","0","56","0","43134","Not_Canceled"
"BID10208","2","0","0","2","Meal Plan 1","0","Room_Type 1","94","Online","0","0","0","72.25","1","42806","Not_Canceled"
"BID16756","3","0","0","3","Meal Plan 1","0","Room_Type 4","198","Online","0","0","0","159.3","3","9/22/2018","Not_Canceled"
"BID20738","2","0","1","0","Meal Plan 1","0","Room_Type 1","4","Corporate","0","0","0","64","0","1/25/2018","Not_Canceled"
"BID14290","2","0","1","1","Not Selected","0","Room_Type 1","238","Online","0","0","0","78.3","0","12/31/2018","Canceled"
"BID06158","2","0","1","1","Not Selected","0","Room_Type 1","24","Online","0","0","0","107.1","0","9/26/2018","Canceled"
"BID03006","2","0","1","1","Meal Plan 2","0","Room_Type 4","59","Online","0","0","0","153.09","1","43196","Canceled"
"BID15806","2","0","0","2","Meal Plan 1","0","Room_Type 4","14","Online","0","0","0","142","1","4/15/2018","Not_Canceled"
"BID28816","2","0","1","2","Meal Plan 1","0","Room_Type 1","1","Online","0","0","0","151.33","0","42988","Not_Canceled"
"BID24663","1","0","2","4","Meal Plan 2","0","Room_Type 1","327","Offline","0","0","0","76","0","42987","Not_Canceled"
"BID27900","2","0","0","4","Meal Plan 1","0","Room_Type 4","11","Online","0","0","0","119","0","43142","Not_Canceled"
"BID30579","2","1","2","3","Meal Plan 1","0","Room_Type 1","15","Online","0","0","0","116.2","2","43437","Not_Canceled"
"BID18483","2","0","0","3","Not Selected","0","Room_Type 1","36","Online","0","0","0","109","2","10/25/2018","Not_Canceled"
"BID23784","2","0","1","1","Meal Plan 1","0","Room_Type 4","16","Online","0","0","0","166","1","7/30/2018","Not_Canceled"
"BID24845","2","0","0","1","Meal Plan 1","0","Room_Type 1","221","Offline","0","0","0","80","0","43442","Canceled"
"BID35024","1","0","0","3","Meal Plan 1","0","Room_Type 4","28","Online","0","0","0","108.42","0","6/14/2018","Not_Canceled"
"BID30090","2","0","2","5","Meal Plan 1","0","Room_Type 7","31","Online","0","0","0","178.42","1","43382","Not_Canceled"
"BID35398","1","0","1","0","Meal Plan 1","0","Room_Type 1","4","Corporate","0","0","0","59","0","1/25/2018","Not_Canceled"
"BID26345","2","0","1","3","Meal Plan 1","0","Room_Type 1","68","Online","0","0","0","88.4","1","43324","Not_Canceled"
"BID01620","2","0","0","3","Meal Plan 1","0","Room_Type 4","133","Online","0","0","0","90.95","0","43318","Canceled"
"BID27813","2","0","1","4","Meal Plan 1","0","Room_Type 1","45","Online","0","0","0","104.72","2","12/26/2018","Not_Canceled"
"BID01632","1","0","0","2","Not Selected","0","Room_Type 1","119","Online","0","0","0","79.2","2","43201","Canceled"
"BID22573","2","0","0","1","Meal Plan 2","0","Room_Type 1","55","Offline","0","0","0","104","0","43255","Not_Canceled"
"BID09606","2","0","2","1","Meal Plan 1","0","Room_Type 1","92","Offline","0","0","0","80.75","1","6/26/2018","Not_Canceled"
"BID24764","1","1","2","3","Meal Plan 1","0","Room_Type 1","163","Online","0","0","0","74.65","2","10/23/2018","Not_Canceled"
"BID35835","2","0","2","3","Meal Plan 1","0","Room_Type 1","47","Offline","0","0","0","85.5","0","4/16/2018","Not_Canceled"
"BID06252","2","0","1","3","Meal Plan 1","0","Room_Type 1","46","Online","0","0","0","134.78","1","10/17/2018","Not_Canceled"
"BID22011","2","0","2","5","Not Selected","0","Room_Type 1","25","Online","0","0","0","81.86","1","43315","Canceled"
"BID03563","2","0","0","1","Not Selected","0","Room_Type 1","8","Online","0","0","0","119","0","5/25/2018","Not_Canceled"
"BID18114","2","2","1","2","Meal Plan 1","0","Room_Type 6","29","Online","0","0","0","183.67","1","42837","Not_Canceled"
"BID16583","1","0","1","4","Meal Plan 1","0","Room_Type 1","191","Online","0","0","0","86.75","0","7/25/2018","Canceled"
"BID06794","1","0","0","2","Meal Plan 1","0","Room_Type 4","6","Online","0","0","0","136","1","10/20/2017","Not_Canceled"
"BID00249","2","0","1","2","Meal Plan 1","0","Room_Type 1","21","Online","0","0","0","151","0","8/15/2018","Canceled"
"BID31959","2","0","0","2","Meal Plan 1","1","Room_Type 4","18","Online","0","0","0","157","2","12/30/2018","Not_Canceled"
"BID00381","2","0","4","11","Meal Plan 1","0","Room_Type 4","237","Online","0","0","0","116.62","1","9/13/2018","Canceled"
"BID19205","2","0","2","1","Meal Plan 2","0","Room_Type 1","110","Offline","0","0","0","94.5","0","7/25/2017","Canceled"
"BID18181","2","0","2","1","Not Selected","0","Room_Type 1","55","Online","0","0","0","71.28","0","11/13/2018","Canceled"
"BID20255","1","0","2","3","Meal Plan 1","0","Room_Type 1","25","Online","0","0","0","104.2","1","43377","Not_Canceled"
"BID02133","1","0","0","1","Meal Plan 1","0","Room_Type 1","8","Corporate","1","1","17","65","1","7/28/2018","Not_Canceled"
"BID35493","2","0","2","5","Meal Plan 1","0","Room_Type 1","41","Offline","0","0","0","69.29","0","12/27/2018","Not_Canceled"
"BID09276","2","0","1","0","Meal Plan 1","0","Room_Type 1","18","Offline","0","0","0","80","0","43416","Not_Canceled"
"BID32668","3","0","2","0","Meal Plan 1","0","Room_Type 4","67","Online","0","0","0","132.3","2","6/26/2018","Not_Canceled"
"BID10531","2","0","2","2","Meal Plan 1","0","Room_Type 1","6","Online","0","0","0","91","3","11/13/2018","Not_Canceled"
"BID23082","2","0","1","2","Meal Plan 1","0","Room_Type 4","62","Online","0","0","0","106.2","0","43104","Not_Canceled"
"BID31334","1","0","2","3","Meal Plan 1","0","Room_Type 1","85","Online","0","0","0","73.95","0","3/17/2018","Not_Canceled"
"BID32743","2","0","1","3","Meal Plan 1","0","Room_Type 1","124","Online","0","0","0","72.25","2","12/28/2017","Not_Canceled"
"BID02485","2","0","2","4","Meal Plan 1","0","Room_Type 1","120","Online","0","0","0","68","0","11/16/2018","Canceled"
"BID07568","2","0","2","1","Meal Plan 1","0","Room_Type 6","109","Offline","0","0","0","85","1","3/20/2018","Not_Canceled"
"BID16238","2","0","1","2","Meal Plan 1","0","Room_Type 1","129","Online","0","0","0","114.3","1","8/15/2018","Not_Canceled"
"BID16578","2","0","1","2","Meal Plan 1","0","Room_Type 1","64","Online","0","0","0","81.08","1","7/18/2018","Not_Canceled"
"BID03165","2","0","1","2","Meal Plan 1","0","Room_Type 1","94","Online","0","0","0","96.3","0","43316","Canceled"
"BID23136","2","0","1","5","Not Selected","0","Room_Type 1","86","Online","0","0","0","95.2","1","4/26/2018","Not_Canceled"
"BID31344","2","0","2","1","Meal Plan 2","0","Room_Type 1","103","Offline","0","0","0","94.5","0","7/18/2017","Canceled"
"BID23711","1","0","1","3","Meal Plan 1","0","Room_Type 5","4","Corporate","0","0","0","181.79","0","9/19/2018","Not_Canceled"
"BID29537","1","0","1","1","Meal Plan 1","0","Room_Type 1","118","Offline","0","0","0","110","0","43257","Not_Canceled"
"BID05458","2","0","2","5","Meal Plan 1","0","Room_Type 1","32","Offline","0","0","0","85","0","10/17/2018","Not_Canceled"
"BID33083","2","0","1","1","Meal Plan 1","0","Room_Type 1","0","Online","0","0","0","109","0","3/14/2018","Not_Canceled"
"BID30987","2","0","2","1","Meal Plan 1","0","Room_Type 4","118","Online","0","0","0","104.4","1","10/29/2018","Not_Canceled"
"BID08119","2","0","2","2","Not Selected","1","Room_Type 1","214","Online","0","0","0","89.75","1","7/29/2018","Not_Canceled"
"BID25687","3","0","2","1","Meal Plan 1","0","Room_Type 1","209","Online","0","0","0","127.8","2","43289","Canceled"
"BID19582","2","0","0","1","Meal Plan 1","0","Room_Type 4","8","Complementary","0","0","0","0","0","10/22/2017","Not_Canceled"
"BID12218","1","0","1","1","Meal Plan 1","0","Room_Type 1","92","Online","0","0","0","113.4","3","43169","Not_Canceled"
"BID27515","2","0","0","3","Meal Plan 2","0","Room_Type 4","58","Online","0","0","0","153","1","43224","Not_Canceled"
"BID12175","1","0","0","1","Meal Plan 1","0","Room_Type 1","36","Online","0","0","0","102.6","2","10/17/2017","Not_Canceled"
"BID33907","2","0","0","3","Meal Plan 1","0","Room_Type 1","28","Offline","0","0","0","115","0","12/31/2017","Not_Canceled"
"BID15594","2","1","1","3","Meal Plan 1","0","Room_Type 6","72","Online","0","0","0","116.27","1","10/24/2018","Not_Canceled"
"BID12528","1","0","1","2","Meal Plan 1","0","Room_Type 4","6","Online","0","0","0","136","1","10/19/2017","Not_Canceled"
"BID03082","2","1","0","1","Meal Plan 1","0","Room_Type 1","100","Online","0","0","0","130.5","2","6/28/2018","Canceled"
"BID06668","2","0","2","3","Meal Plan 1","0","Room_Type 1","93","Online","0","0","0","85.5","1","8/15/2017","Canceled"
"BID11901","2","1","0","4","Meal Plan 1","0","Room_Type 1","158","Online","0","0","0","114.75","1","5/25/2018","Canceled"
"BID25596","2","0","2","0","Not Selected","0","Room_Type 1","3","Online","0","0","0","113","2","6/26/2018","Not_Canceled"
"BID24849","2","0","0","2","Not Selected","0","Room_Type 1","44","Online","0","0","0","93.6","0","5/31/2018","Canceled"
"BID27743","2","0","0","3","Meal Plan 1","0","Room_Type 1","259","Offline","0","0","0","90","0","43225","Canceled"
"BID30521","2","0","2","2","Meal Plan 1","0","Room_Type 1","49","Online","0","0","0","126.9","1","5/13/2018","Not_Canceled"
"BID23532","2","0","0","4","Meal Plan 1","0","Room_Type 4","55","Offline","0","0","0","60","1","11/18/2017","Not_Canceled"
"BID15387","2","0","2","2","Meal Plan 1","0","Room_Type 4","90","Online","0","0","0","133.2","0","43289","Not_Canceled"
"BID30945","2","0","0","2","Meal Plan 1","0","Room_Type 1","7","Online","0","0","0","124","1","43355","Not_Canceled"
"BID25154","3","0","1","0","Meal Plan 1","0","Room_Type 4","60","Online","0","0","0","137.7","2","7/25/2018","Not_Canceled"
"BID24614","2","0","0","5","Meal Plan 1","0","Room_Type 1","120","Online","0","0","0","76.5","1","7/14/2017","Canceled"
"BID23052","2","0","1","0","Meal Plan 1","0","Room_Type 4","0","Online","0","0","0","115","0","7/31/2018","Not_Canceled"
"BID15418","1","0","0","2","Meal Plan 1","0","Room_Type 1","192","Offline","0","0","0","95","0","6/24/2018","Not_Canceled"
"BID18572","3","0","0","3","Meal Plan 2","0","Room_Type 1","103","Offline","0","0","0","159.84","1","43260","Not_Canceled"
"BID34072","2","1","0","3","Meal Plan 1","0","Room_Type 1","34","Online","0","0","0","115.2","0","3/22/2018","Canceled"
"BID16516","2","0","1","2","Meal Plan 1","0","Room_Type 1","94","Online","0","0","0","118.8","0","43291","Canceled"
"BID09782","2","0","2","3","Not Selected","0","Room_Type 1","70","Online","0","0","0","74.8","3","12/22/2018","Not_Canceled"
"BID27918","2","0","0","1","Meal Plan 1","0","Room_Type 1","40","Offline","0","0","0","65","0","2/27/2018","Not_Canceled"
"BID07261","3","0","1","2","Meal Plan 1","0","Room_Type 4","169","Online","0","0","0","137.7","1","43442","Canceled"
"BID06558","1","0","1","4","Meal Plan 1","0","Room_Type 1","144","Online","0","0","0","80.75","0","6/29/2018","Canceled"
"BID13047","2","0","1","3","Meal Plan 1","0","Room_Type 1","14","Offline","0","0","0","43.5","0","42866","Not_Canceled"
"BID10623","1","0","1","2","Meal Plan 1","0","Room_Type 1","91","Offline","0","0","0","75","0","9/30/2018","Not_Canceled"
"BID30581","2","0","1","2","Not Selected","0","Room_Type 1","270","Online","0","0","0","95.4","1","9/30/2018","Canceled"
"BID33604","2","0","2","4","Meal Plan 1","0","Room_Type 1","30","Online","0","0","0","105.75","1","43078","Not_Canceled"
"BID13956","2","0","1","1","Meal Plan 1","0","Room_Type 4","267","Online","0","0","0","115.2","0","43110","Canceled"
"BID31230","2","0","0","1","Not Selected","0","Room_Type 1","19","Online","0","0","0","96","0","9/17/2017","Not_Canceled"
"BID06008","2","0","1","4","Meal Plan 1","0","Room_Type 1","275","Online","0","0","0","90","0","43230","Canceled"
"BID08186","3","0","1","1","Meal Plan 1","0","Room_Type 1","32","Online","0","0","0","142.2","2","4/16/2018","Not_Canceled"
"BID17705","1","0","2","4","Meal Plan 1","0","Room_Type 1","69","Offline","0","0","0","120","0","43440","Canceled"
"BID13330","1","0","0","1","Meal Plan 1","0","Room_Type 1","34","Corporate","0","0","0","65","0","9/15/2017","Canceled"
"BID09672","1","0","0","2","Meal Plan 1","0","Room_Type 1","103","Offline","0","0","0","115","0","4/19/2018","Canceled"
"BID29816","3","0","2","3","Meal Plan 1","0","Room_Type 4","12","Online","0","0","0","130","2","43283","Not_Canceled"
"BID24524","1","0","1","2","Not Selected","0","Room_Type 1","35","Online","0","0","0","94.5","1","4/22/2018","Not_Canceled"
"BID07081","1","0","1","2","Meal Plan 1","0","Room_Type 1","9","Online","0","0","0","85","1","43436","Canceled"
"BID24440","3","0","1","2","Meal Plan 1","0","Room_Type 1","91","Offline","0","0","0","110","0","9/30/2018","Not_Canceled"
"BID15641","2","0","2","1","Not Selected","0","Room_Type 1","0","Online","0","0","0","98.1","0","43110","Not_Canceled"
"BID30015","1","0","0","2","Meal Plan 1","0","Room_Type 1","1","Corporate","0","0","0","90","0","42987","Not_Canceled"
"BID17070","2","0","0","1","Meal Plan 2","0","Room_Type 1","101","Online","0","0","0","153","2","10/21/2018","Canceled"
"BID14238","2","0","1","0","Not Selected","0","Room_Type 1","1","Online","0","0","0","79","0","2/14/2018","Canceled"
"BID01763","1","0","1","0","Not Selected","0","Room_Type 1","2","Online","0","0","0","89","0","43348","Not_Canceled"
"BID00593","2","0","0","4","Meal Plan 1","0","Room_Type 1","4","Online","0","0","0","89","0","43252","Not_Canceled"
"BID15430","2","1","2","5","Meal Plan 1","0","Room_Type 1","106","Online","0","0","0","106.75","2","7/29/2017","Canceled"
"BID29057","2","0","0","1","Meal Plan 1","0","Room_Type 4","3","Online","0","0","0","131","0","43355","Not_Canceled"
"BID36145","1","0","2","3","Meal Plan 1","0","Room_Type 1","219","Offline","0","0","0","74","0","42834","Not_Canceled"
"BID32873","1","0","0","1","Meal Plan 1","1","Room_Type 1","3","Online","0","0","0","104","0","43162","Not_Canceled"
"BID09809","1","0","0","3","Not Selected","0","Room_Type 1","41","Online","0","0","0","79.2","1","12/21/2018","Not_Canceled"
"BID29184","2","0","0","1","Meal Plan 1","0","Room_Type 1","2","Corporate","1","3","3","45","1","43224","Not_Canceled"
"BID35684","2","0","1","1","Meal Plan 1","0","Room_Type 1","275","Offline","0","0","0","62.8","0","43196","Canceled"
"BID01082","2","0","0","1","Not Selected","0","Room_Type 1","31","Online","0","0","0","125.1","1","9/16/2018","Not_Canceled"
"BID07689","3","0","1","4","Meal Plan 1","0","Room_Type 7","26","Online","0","0","0","169.52","2","9/28/2018","Canceled"
"BID20871","2","0","1","2","Meal Plan 1","0","Room_Type 1","91","Offline","0","0","0","80","0","9/30/2018","Not_Canceled"
"BID34038","2","0","2","1","Meal Plan 1","0","Room_Type 4","61","Online","0","0","0","81.9","2","11/14/2017","Not_Canceled"
"BID02427","2","0","0","2","Meal Plan 2","0","Room_Type 1","39","Offline","0","0","0","109","0","8/14/2017","Not_Canceled"
"BID08122","2","0","0","1","Meal Plan 1","1","Room_Type 4","1","Online","0","0","0","145","0","10/15/2017","Not_Canceled"
"BID17825","2","0","0","5","Meal Plan 1","0","Room_Type 2","43","Online","0","0","0","66.43","0","2/23/2018","Canceled"
"BID28108","2","0","0","4","Meal Plan 1","1","Room_Type 2","232","Online","0","0","0","100.75","1","43441","Canceled"
"BID09500","1","0","1","0","Meal Plan 1","0","Room_Type 1","0","Online","0","0","0","91","1","42989","Not_Canceled"
"BID11810","1","0","0","5","Meal Plan 1","0","Room_Type 1","104","Online","0","0","0","74.8","0","11/22/2018","Canceled"
"BID25749","2","0","2","3","Meal Plan 1","0","Room_Type 1","292","Online","0","0","0","91.79","0","12/30/2018","Canceled"
"BID26939","2","0","1","0","Meal Plan 1","0","Room_Type 1","50","Online","0","0","0","96.3","0","43163","Canceled"
"BID18819","2","0","2","3","Meal Plan 1","0","Room_Type 1","52","Online","0","0","0","126.9","0","5/14/2018","Not_Canceled"
"BID29785","2","0","0","2","Not Selected","0","Room_Type 1","66","Online","0","0","0","87.3","2","43140","Not_Canceled"
"BID21010","2","0","1","2","Meal Plan 1","0","Room_Type 4","43","Online","0","0","0","140.4","0","43379","Canceled"
"BID20092","2","0","2","2","Meal Plan 1","0","Room_Type 1","33","Offline","0","0","0","55","0","12/26/2017","Not_Canceled"
"BID11009","2","1","1","0","Meal Plan 1","0","Room_Type 1","8","Online","0","0","0","112","2","8/28/2018","Not_Canceled"
"BID18392","2","0","1","2","Meal Plan 1","0","Room_Type 1","69","Online","0","0","0","111.9","0","6/27/2018","Canceled"
"BID21252","3","0","2","5","Meal Plan 1","0","Room_Type 4","206","Online","0","0","0","127.47","1","43349","Canceled"
"BID05872","1","0","0","4","Meal Plan 1","0","Room_Type 1","17","Online","0","0","0","63.37","0","1/13/2018","Not_Canceled"
"BID23797","2","0","1","2","Meal Plan 1","0","Room_Type 1","267","Offline","0","0","0","95","0","9/30/2018","Canceled"
"BID26563","2","0","0","1","Meal Plan 1","0","Room_Type 1","8","Offline","0","0","0","130","0","43231","Not_Canceled"
"BID19750","2","0","1","4","Meal Plan 1","0","Room_Type 1","148","Online","0","0","0","96.3","0","8/22/2018","Canceled"
"BID11570","2","2","0","3","Meal Plan 1","1","Room_Type 6","147","Online","0","0","0","174","1","3/24/2018","Not_Canceled"
"BID27014","2","0","1","0","Not Selected","0","Room_Type 1","49","Online","0","0","0","93.15","0","43411","Canceled"
"BID00596","3","0","1","4","Meal Plan 1","0","Room_Type 4","84","Online","0","0","0","170.1","2","6/15/2018","Not_Canceled"
"BID11435","1","0","0","1","Meal Plan 1","0","Room_Type 1","1","Corporate","1","0","19","65","1","43224","Not_Canceled"
"BID03891","1","0","1","0","Meal Plan 1","0","Room_Type 1","6","Corporate","0","0","0","65","0","43320","Canceled"
"BID23489","2","0","2","2","Meal Plan 1","0","Room_Type 1","117","Offline","0","0","0","110","1","43226","Not_Canceled"
"BID04031","2","0","0","3","Not Selected","0","Room_Type 1","20","Online","0","0","0","81.3","0","43293","Not_Canceled"
"BID23660","2","0","1","2","Meal Plan 2","0","Room_Type 1","309","Offline","0","0","0","101","0","5/13/2018","Canceled"
"BID20403","1","0","0","1","Meal Plan 1","0","Room_Type 1","6","Offline","0","0","0","62","0","3/15/2018","Not_Canceled"
"BID21286","2","0","1","2","Meal Plan 1","0","Room_Type 1","280","Offline","0","0","0","110","0","9/19/2018","Canceled"
"BID28239","2","0","2","3","Meal Plan 1","0","Room_Type 4","14","Online","0","0","0","140","0","3/31/2018","Not_Canceled"
"BID19755","1","0","2","5","Meal Plan 1","0","Room_Type 1","1","Aviation","0","0","0","110","0","43140","Not_Canceled"
"BID26064","3","0","0","2","Meal Plan 1","0","Room_Type 4","4","Online","0","0","0","133","1","43192","Not_Canceled"
"BID28894","2","0","0","4","Meal Plan 1","0","Room_Type 1","270","Offline","0","0","0","62.8","0","4/20/2018","Canceled"
"BID04418","2","0","1","3","Meal Plan 1","0","Room_Type 1","210","Offline","0","0","0","72.75","0","42957","Not_Canceled"
"BID20383","2","0","2","2","Not Selected","0","Room_Type 1","208","Online","0","0","0","80.75","0","7/30/2018","Canceled"
"BID14718","2","0","0","2","Meal Plan 1","0","Room_Type 1","112","Offline","0","0","0","100","0","43137","Canceled"
"BID08214","1","0","0","3","Meal Plan 1","0","Room_Type 2","11","Offline","0","0","0","31","0","3/16/2018","Not_Canceled"
"BID23189","2","0","0","2","Meal Plan 2","0","Room_Type 1","39","Offline","0","0","0","101.5","0","8/14/2017","Not_Canceled"
"BID26564","2","0","0","3","Meal Plan 1","0","Room_Type 1","9","Online","0","0","0","81","1","8/19/2017","Not_Canceled"
"BID08456","2","0","2","0","Meal Plan 1","0","Room_Type 1","175","Online","0","0","0","126.9","0","9/18/2018","Canceled"
"BID09050","2","0","1","2","Not Selected","0","Room_Type 1","243","Online","0","0","0","104.4","0","43352","Canceled"
"BID27050","1","0","1","2","Meal Plan 1","0","Room_Type 5","11","Offline","0","0","0","174.33","0","7/18/2018","Not_Canceled"
"BID30145","2","0","0","1","Meal Plan 1","0","Room_Type 1","0","Corporate","0","0","0","75","0","7/22/2018","Canceled"
"BID12531","2","1","2","4","Meal Plan 1","0","Room_Type 1","76","Online","0","0","0","135","1","43444","Canceled"
"BID27311","1","0","0","1","Meal Plan 1","0","Room_Type 5","2","Offline","0","0","0","90","0","43050","Not_Canceled"
"BID06496","2","0","0","2","Not Selected","0","Room_Type 1","72","Online","0","0","0","108","1","10/18/2018","Canceled"
"BID31680","3","0","1","3","Meal Plan 1","0","Room_Type 4","85","Online","0","0","0","143.23","0","4/28/2018","Canceled"
"BID07839","2","0","0","1","Not Selected","0","Room_Type 1","182","Online","0","0","0","98.1","0","43444","Canceled"
"BID31895","1","0","0","1","Meal Plan 1","0","Room_Type 1","14","Online","0","0","0","152","2","43415","Not_Canceled"
"BID20155","2","0","0","2","Meal Plan 1","0","Room_Type 4","1","Online","0","0","0","176","1","5/26/2018","Not_Canceled"
"BID00031","2","0","1","1","Meal Plan 1","0","Room_Type 4","3","Online","0","0","0","177.5","1","9/19/2017","Not_Canceled"
"BID09368","1","0","1","5","Meal Plan 1","0","Room_Type 1","77","Online","0","0","0","69.84","1","43314","Not_Canceled"
"BID35790","2","0","2","2","Meal Plan 1","0","Room_Type 4","12","Online","0","0","0","136","0","43440","Canceled"
"BID04616","2","0","2","1","Meal Plan 1","0","Room_Type 1","100","Online","0","0","0","72.25","2","43081","Not_Canceled"
"BID01233","1","0","0","2","Meal Plan 1","0","Room_Type 1","10","Online","0","0","0","103","2","11/15/2018","Not_Canceled"
"BID29457","2","0","0","5","Meal Plan 1","0","Room_Type 1","63","Online","0","0","0","72.25","3","10/27/2017","Not_Canceled"
"BID24303","2","0","2","3","Meal Plan 1","0","Room_Type 1","17","Online","0","0","0","75.4","1","43445","Not_Canceled"
"BID27617","2","0","0","1","Meal Plan 2","0","Room_Type 1","55","Offline","0","0","0","104","0","43255","Not_Canceled"
"BID34423","2","0","1","3","Not Selected","0","Room_Type 1","94","Online","0","0","0","79.2","1","43170","Not_Canceled"
"BID22392","2","0","1","1","Not Selected","0","Room_Type 1","3","Online","0","0","0","89","0","3/21/2018","Not_Canceled"
"BID35827","2","0","1","3","Meal Plan 1","0","Room_Type 4","71","Online","0","0","0","149.4","2","9/19/2018","Not_Canceled"
"BID09894","2","0","2","2","Not Selected","0","Room_Type 1","128","Online","0","0","0","80.75","1","6/26/2018","Not_Canceled"
"BID01872","2","0","1","1","Meal Plan 1","0","Room_Type 1","33","Corporate","0","0","0","62","0","1/25/2018","Canceled"
"BID29897","2","0","2","1","Not Selected","0","Room_Type 1","1","Online","0","0","0","109","0","4/23/2018","Not_Canceled"
"BID23609","2","0","0","2","Meal Plan 2","0","Room_Type 1","346","Offline","0","0","0","115","1","9/13/2018","Canceled"
"BID29059","2","0","2","2","Not Selected","0","Room_Type 1","13","Online","0","0","0","85.85","0","43445","Not_Canceled"
"BID02079","2","0","1","1","Meal Plan 1","0","Room_Type 1","190","Offline","0","0","0","70","1","43347","Not_Canceled"
"BID32334","2","0","0","4","Meal Plan 1","0","Room_Type 1","7","Offline","0","0","0","85","0","7/26/2018","Not_Canceled"
"BID00050","1","0","1","3","Meal Plan 1","0","Room_Type 4","7","Online","0","0","0","125.8","2","12/29/2018","Not_Canceled"
"BID20734","2","0","2","2","Not Selected","0","Room_Type 1","198","Online","0","0","0","62.18","1","7/31/2018","Not_Canceled"
"BID23700","2","0","2","2","Meal Plan 1","0","Room_Type 1","44","Offline","0","0","0","85.5","0","9/18/2018","Not_Canceled"
"BID08856","2","0","2","2","Meal Plan 1","0","Room_Type 1","7","Online","0","0","0","89.89","0","43143","Not_Canceled"
"BID00634","2","0","0","2","Meal Plan 1","1","Room_Type 4","107","Online","0","0","0","142.2","0","8/25/2018","Not_Canceled"
"BID10405","1","0","0","1","Not Selected","0","Room_Type 1","0","Online","0","0","0","89","0","43162","Not_Canceled"
"BID18700","2","0","2","0","Not Selected","0","Room_Type 1","35","Online","0","0","0","99","3","9/25/2018","Not_Canceled"
"BID29289","1","0","0","2","Meal Plan 1","0","Room_Type 1","14","Offline","0","0","0","100","0","10/15/2017","Not_Canceled"
"BID23218","1","0","0","3","Meal Plan 1","0","Room_Type 1","71","Offline","0","0","0","120","0","6/14/2018","Not_Canceled"
"BID08841","2","0","2","5","Meal Plan 1","0","Room_Type 1","57","Online","0","0","0","72.47","0","12/25/2017","Not_Canceled"
"BID18495","2","0","0","3","Meal Plan 1","0","Room_Type 1","7","Offline","0","0","0","144","0","43225","Not_Canceled"
"BID16860","2","0","0","1","Meal Plan 1","0","Room_Type 2","194","Online","0","0","0","86.75","0","7/15/2018","Canceled"
"BID24702","2","1","0","1","Meal Plan 1","0","Room_Type 1","205","Online","0","0","0","143.1","0","43260","Canceled"
"BID22910","2","0","0","3","Not Selected","1","Room_Type 1","6","Online","0","0","0","130","1","3/23/2018","Not_Canceled"
"BID05929","1","0","1","2","Meal Plan 1","0","Room_Type 1","111","Offline","0","0","0","120","1","43383","Not_Canceled"
"BID21290","2","0","0","2","Meal Plan 1","0","Room_Type 4","5","Online","0","0","0","146","1","43287","Not_Canceled"
"BID29860","2","0","2","0","Meal Plan 1","0","Room_Type 1","35","Online","0","0","0","100.1","1","3/13/2018","Not_Canceled"
"BID16138","2","0","1","2","Meal Plan 1","0","Room_Type 1","418","Offline","0","0","0","75","0","9/26/2018","Canceled"
"BID26793","2","0","1","3","Meal Plan 1","0","Room_Type 4","12","Offline","0","0","0","92","1","12/26/2018","Not_Canceled"
"BID03574","2","0","0","3","Meal Plan 2","0","Room_Type 1","34","Online","0","0","0","224.67","0","9/23/2017","Canceled"
"BID22105","1","0","0","3","Meal Plan 1","0","Room_Type 1","113","Corporate","0","0","0","100","0","5/31/2018","Canceled"
"BID16485","1","0","1","2","Meal Plan 1","0","Room_Type 1","118","Offline","0","0","0","110","0","43257","Not_Canceled"
"BID06639","2","1","1","4","Meal Plan 1","0","Room_Type 1","73","Online","0","0","0","135","1","43444","Canceled"
"BID34989","2","0","2","3","Meal Plan 1","0","Room_Type 1","63","Online","0","0","0","110.7","1","6/26/2018","Not_Canceled"
"BID20706","2","0","1","3","Meal Plan 1","0","Room_Type 4","281","Online","0","0","0","108.8","0","43169","Canceled"
"BID17012","2","0","2","4","Meal Plan 1","0","Room_Type 4","82","Online","0","0","0","123","2","10/21/2018","Canceled"
"BID00806","2","0","1","0","Meal Plan 1","0","Room_Type 1","81","Online","0","0","0","76.5","2","42898","Not_Canceled"
"BID20650","1","0","0","3","Meal Plan 1","0","Room_Type 1","276","Offline","0","0","0","95.67","0","9/22/2018","Not_Canceled"
"BID26528","2","0","0","2","Meal Plan 2","0","Room_Type 1","257","Offline","0","0","0","101.5","0","42742","Canceled"
"BID31532","2","0","1","2","Meal Plan 1","0","Room_Type 1","81","Offline","0","0","0","65","0","3/25/2018","Not_Canceled"
"BID27610","2","0","0","2","Not Selected","0","Room_Type 1","68","Online","0","0","0","79.2","0","12/22/2018","Canceled"
"BID13290","2","0","2","2","Meal Plan 1","0","Room_Type 2","119","Online","0","0","0","83.83","1","6/26/2018","Not_Canceled"
"BID00601","2","0","0","2","Not Selected","0","Room_Type 1","6","Online","0","0","0","79","0","2/26/2018","Canceled"
"BID33248","1","0","0","2","Meal Plan 1","0","Room_Type 1","46","Online","0","0","0","82.9","1","43376","Not_Canceled"
"BID13369","2","0","0","2","Not Selected","0","Room_Type 1","131","Online","0","0","0","76.23","2","43228","Not_Canceled"
"BID23874","2","0","1","0","Meal Plan 1","0","Room_Type 1","0","Corporate","1","0","1","77","2","43446","Not_Canceled"
"BID03336","2","0","0","2","Meal Plan 2","0","Room_Type 1","39","Offline","0","0","0","109","0","8/14/2017","Not_Canceled"
"BID02395","2","0","1","1","Not Selected","0","Room_Type 1","33","Online","0","0","0","104.49","0","43348","Canceled"
"BID19254","1","0","0","2","Meal Plan 2","0","Room_Type 1","377","Offline","0","0","0","90","0","10/14/2018","Canceled"
"BID08895","1","0","0","3","Meal Plan 1","0","Room_Type 1","89","Online","0","0","0","63.75","1","11/17/2017","Not_Canceled"
"BID25231","2","0","2","2","Meal Plan 1","0","Room_Type 4","3","Online","0","0","0","166","1","43228","Not_Canceled"
"BID08042","2","0","2","5","Not Selected","0","Room_Type 1","0","Online","0","0","0","99.14","0","8/29/2017","Not_Canceled"
"BID12159","1","0","0","3","Meal Plan 1","0","Room_Type 1","221","Online","0","0","0","115.5","2","9/29/2018","Canceled"
"BID20845","1","0","0","1","Meal Plan 1","0","Room_Type 1","22","Online","0","0","0","114","0","9/18/2017","Not_Canceled"
"BID14146","2","0","0","1","Meal Plan 1","0","Room_Type 1","1","Online","0","0","0","89","0","43252","Not_Canceled"
"BID31900","2","0","1","2","Meal Plan 1","0","Room_Type 1","127","Offline","0","0","0","81.25","0","7/29/2018","Not_Canceled"
"BID23516","2","1","2","1","Meal Plan 1","0","Room_Type 4","108","Online","0","0","0","116","2","3/19/2018","Canceled"
"BID19623","2","0","0","1","Meal Plan 1","0","Room_Type 1","8","Online","0","0","0","151","1","43138","Canceled"
"BID00891","1","0","1","0","Meal Plan 1","0","Room_Type 1","263","Offline","0","0","0","59.5","0","9/21/2017","Not_Canceled"
"BID04344","1","0","0","3","Meal Plan 1","0","Room_Type 1","133","Online","0","0","0","121.5","1","43349","Not_Canceled"
"BID18168","2","0","0","2","Meal Plan 2","0","Room_Type 1","28","Offline","0","0","0","97","0","43313","Not_Canceled"
"BID28266","2","0","0","1","Meal Plan 1","0","Room_Type 1","18","Online","0","0","0","104","0","12/23/2018","Not_Canceled"
"BID22792","2","0","0","2","Meal Plan 1","1","Room_Type 4","40","Online","0","0","0","165.6","2","9/28/2018","Not_Canceled"
"BID28277","1","0","0","2","Meal Plan 1","0","Room_Type 1","298","Offline","0","0","0","76","0","43378","Not_Canceled"
"BID10490","2","0","2","0","Meal Plan 2","0","Room_Type 4","25","Online","0","0","0","152","0","12/25/2018","Canceled"
"BID05444","3","0","2","5","Meal Plan 1","0","Room_Type 4","123","Online","0","0","0","139.24","0","10/21/2018","Not_Canceled"
"BID25492","3","0","0","4","Meal Plan 1","0","Room_Type 4","109","Online","0","0","0","152.1","0","8/24/2018","Canceled"
"BID20708","1","0","0","1","Meal Plan 1","0","Room_Type 1","1","Online","0","0","0","95","0","43346","Not_Canceled"
"BID34472","2","0","2","4","Not Selected","0","Room_Type 1","4","Online","0","0","0","81","0","43253","Canceled"
"BID20875","2","1","1","2","Meal Plan 1","0","Room_Type 1","13","Online","0","0","0","125","2","11/14/2018","Not_Canceled"
"BID36027","2","0","0","3","Meal Plan 1","0","Room_Type 1","177","Online","0","0","0","99.3","1","7/19/2018","Not_Canceled"
"BID31766","2","0","1","0","Meal Plan 1","0","Room_Type 1","0","Online","0","0","0","75","0","11/30/2017","Not_Canceled"
"BID12318","2","0","0","2","Meal Plan 1","1","Room_Type 1","201","Online","0","0","0","127","1","5/24/2018","Canceled"
"BID16864","2","0","0","1","Meal Plan 1","0","Room_Type 1","31","Online","0","0","0","78.3","0","1/16/2018","Canceled"
"BID28229","2","0","0","3","Meal Plan 1","0","Room_Type 4","60","Online","0","0","0","126","3","43324","Not_Canceled"
"BID17381","2","0","1","0","Not Selected","0","Room_Type 1","104","Online","0","0","0","108","1","43353","Canceled"
"BID14199","2","0","0","1","Meal Plan 1","0","Room_Type 4","10","Complementary","0","0","0","0","2","8/21/2017","Not_Canceled"
"BID24195","3","0","0","1","Meal Plan 1","0","Room_Type 1","6","Online","0","0","0","137","2","43224","Not_Canceled"
"BID00962","2","0","2","1","Not Selected","0","Room_Type 1","55","Online","0","0","0","91.51","1","43382","Not_Canceled"
"BID07376","2","2","2","3","Meal Plan 2","0","Room_Type 6","48","Offline","0","0","0","186.52","0","10/25/2017","Not_Canceled"
"BID19777","2","0","0","3","Meal Plan 1","0","Room_Type 1","304","Offline","0","0","0","89","0","43170","Canceled"
"BID24099","1","0","1","3","Meal Plan 1","0","Room_Type 1","7","Online","0","0","0","66.22","1","2/15/2018","Canceled"
"BID21635","2","0","2","2","Meal Plan 1","0","Room_Type 4","47","Online","0","0","0","119.52","0","9/18/2018","Not_Canceled"
"BID07109","2","0","2","0","Meal Plan 1","0","Room_Type 1","19","Offline","0","0","0","85","0","43141","Not_Canceled"
"BID09254","2","0","1","2","Meal Plan 1","0","Room_Type 1","193","Offline","0","0","0","120","0","6/20/2018","Canceled"
"BID33836","2","0","1","3","Meal Plan 1","0","Room_Type 1","98","Online","0","0","0","69.3","1","11/14/2018","Not_Canceled"
"BID15202","1","0","0","1","Meal Plan 1","0","Room_Type 1","3","Corporate","1","0","2","65","0","43020","Not_Canceled"
"BID32805","1","0","2","1","Meal Plan 1","0","Room_Type 1","1","Corporate","1","3","40","65","2","7/31/2018","Not_Canceled"
"BID20245","2","0","0","3","Meal Plan 1","0","Room_Type 1","259","Offline","0","0","0","90","0","43225","Canceled"
"BID27868","3","0","1","1","Meal Plan 1","0","Room_Type 4","108","Online","0","0","0","150.3","3","8/27/2018","Not_Canceled"
"BID15934","1","0","0","3","Meal Plan 1","0","Room_Type 1","151","Offline","0","0","0","70","0","1/19/2018","Not_Canceled"
"BID16766","2","0","1","3","Meal Plan 1","0","Room_Type 1","85","Offline","0","0","0","85","1","43261","Not_Canceled"
"BID02818","2","0","0","4","Not Selected","0","Room_Type 1","134","Online","0","0","0","89.25","0","7/13/2018","Not_Canceled"
"BID02349","2","0","2","1","Meal Plan 1","0","Room_Type 1","221","Offline","0","0","0","65","0","10/17/2017","Not_Canceled"
"BID06985","2","0","2","5","Not Selected","0","Room_Type 1","102","Online","0","0","0","46.66","0","7/29/2017","Not_Canceled"
"BID01432","3","0","2","2","Meal Plan 1","0","Room_Type 1","75","Online","0","0","0","115.85","2","5/22/2018","Not_Canceled"
"BID06691","2","0","0","3","Meal Plan 1","0","Room_Type 1","36","Offline","0","0","0","85","0","10/25/2018","Not_Canceled"
"BID29948","2","0","0","2","Meal Plan 1","0","Room_Type 1","0","Online","0","0","0","80.3","1","43252","Not_Canceled"
"BID23378","1","0","1","3","Meal Plan 1","0","Room_Type 4","83","Online","0","0","0","132.3","0","43261","Canceled"
"BID11104","2","0","1","2","Meal Plan 1","0","Room_Type 1","198","Offline","0","0","0","90","0","43352","Canceled"
"BID19280","2","0","0","2","Meal Plan 1","0","Room_Type 4","111","Online","0","0","0","127.8","0","43412","Not_Canceled"
"BID24090","2","0","2","1","Meal Plan 1","0","Room_Type 1","34","Online","0","0","0","99.3","0","4/17/2018","Canceled"
"BID04868","2","0","1","1","Meal Plan 1","0","Room_Type 1","159","Offline","0","0","0","70","1","43347","Not_Canceled"
"BID07909","2","2","0","2","Meal Plan 1","0","Room_Type 6","145","Online","0","0","0","190.8","2","8/17/2018","Not_Canceled"
"BID34501","1","0","2","3","Meal Plan 2","0","Room_Type 4","79","Online","0","0","0","183.6","1","9/15/2018","Canceled"
"BID16665","2","0","1","2","Meal Plan 2","0","Room_Type 1","161","Offline","0","0","0","130","0","3/25/2018","Canceled"
"BID18509","2","1","2","1","Meal Plan 1","0","Room_Type 1","50","Online","0","0","0","114.09","0","43231","Canceled"
"BID12282","2","0","1","1","Meal Plan 1","0","Room_Type 1","3","Corporate","0","0","0","100","0","8/22/2018","Not_Canceled"
"BID12921","1","0","0","1","Meal Plan 1","0","Room_Type 1","99","Corporate","0","0","0","81","0","2/19/2018","Not_Canceled"
"BID11372","2","0","0","2","Meal Plan 1","0","Room_Type 1","122","Offline","0","0","0","85","0","4/15/2018","Not_Canceled"
"BID08906","2","0","4","11","Meal Plan 1","0","Room_Type 4","4","Online","0","0","0","110.53","1","2/25/2018","Canceled"
"BID30514","2","0","0","1","Meal Plan 1","0","Room_Type 1","26","Offline","0","0","0","120","0","43318","Not_Canceled"
"BID32432","2","0","0","3","Meal Plan 1","0","Room_Type 1","243","Online","0","0","0","65.29","0","42744","Canceled"
"BID33992","1","0","0","2","Meal Plan 2","0","Room_Type 1","56","Offline","0","0","0","58","0","9/17/2017","Not_Canceled"
"BID06716","2","0","2","1","Meal Plan 1","0","Room_Type 1","33","Online","0","0","0","71.84","0","43160","Not_Canceled"
"BID01896","2","0","1","2","Meal Plan 1","0","Room_Type 1","58","Online","0","0","0","79.2","1","11/13/2017","Not_Canceled"
"BID17334","2","0","1","2","Meal Plan 1","0","Room_Type 1","57","Offline","0","0","0","90.67","1","43379","Not_Canceled"
"BID10045","2","1","2","3","Meal Plan 1","0","Room_Type 1","207","Online","0","0","0","80.01","3","10/20/2018","Not_Canceled"
"BID32094","2","0","1","2","Meal Plan 1","0","Room_Type 4","10","Online","0","0","0","106","0","2/26/2018","Canceled"
"BID14664","2","2","0","4","Meal Plan 1","0","Room_Type 4","4","Online","0","0","0","176","2","7/27/2018","Not_Canceled"
"BID27165","2","0","2","3","Meal Plan 1","0","Room_Type 1","8","Online","0","0","0","59.16","0","43313","Not_Canceled"
"BID24087","2","0","2","5","Meal Plan 1","0","Room_Type 4","108","Online","0","0","0","121.37","0","7/16/2018","Canceled"
"BID34901","2","0","1","3","Meal Plan 1","0","Room_Type 1","37","Online","0","0","0","145.8","2","9/21/2017","Not_Canceled"
"BID30484","2","0","0","1","Meal Plan 2","0","Room_Type 1","83","Offline","0","0","0","112.2","0","9/30/2017","Not_Canceled"
"BID08830","2","0","1","2","Meal Plan 1","0","Room_Type 1","305","Offline","0","0","0","89","0","43201","Canceled"
"BID13421","2","0","1","0","Meal Plan 1","0","Room_Type 4","0","Online","0","0","0","83.16","1","12/26/2018","Not_Canceled"
"BID32577","2","0","2","5","Meal Plan 1","0","Room_Type 1","3","Corporate","0","0","0","136","0","8/17/2017","Canceled"
"BID35438","2","0","1","0","Meal Plan 1","0","Room_Type 1","71","Online","0","0","0","75.54","1","10/30/2018","Not_Canceled"
"BID32190","2","0","0","2","Meal Plan 1","0","Room_Type 1","18","Online","0","0","0","121","0","43318","Canceled"
"BID08551","2","0","0","4","Meal Plan 1","0","Room_Type 1","156","Online","0","0","0","85","1","11/16/2018","Canceled"
"BID25919","2","0","1","0","Meal Plan 1","0","Room_Type 1","3","Complementary","0","0","0","0","0","43136","Not_Canceled"
"BID34531","2","0","2","2","Meal Plan 1","0","Room_Type 4","95","Online","0","0","0","132.6","0","5/20/2018","Not_Canceled"
"BID11898","2","0","0","1","Not Selected","1","Room_Type 1","121","Online","0","0","0","103.5","1","5/17/2018","Not_Canceled"
"BID22938","1","0","1","0","Meal Plan 1","0","Room_Type 1","3","Complementary","0","0","0","0","1","42774","Not_Canceled"
"BID31420","2","0","0","2","Meal Plan 2","0","Room_Type 1","265","Offline","0","0","0","109","0","6/24/2018","Canceled"
"BID00014","1","0","2","0","Meal Plan 1","0","Room_Type 1","95","Online","0","0","0","90","2","11/20/2018","Canceled"
"BID11776","2","0","1","4","Not Selected","0","Room_Type 1","90","Online","0","0","0","88.74","0","12/26/2018","Canceled"
"BID23598","3","0","1","2","Meal Plan 1","0","Room_Type 4","12","Online","0","0","0","163.67","1","43104","Not_Canceled"
"BID09705","1","0","0","1","Meal Plan 1","0","Room_Type 5","0","Online","0","0","0","0","1","8/26/2017","Not_Canceled"
"BID09652","2","0","0","3","Meal Plan 1","0","Room_Type 1","12","Corporate","0","0","0","65","0","42863","Not_Canceled"
"BID01564","2","0","0","4","Not Selected","0","Room_Type 1","12","Online","0","0","0","77.78","2","11/22/2018","Not_Canceled"
"BID19770","2","0","1","3","Not Selected","0","Room_Type 1","23","Online","0","0","0","119","1","9/26/2018","Canceled"
"BID14086","1","0","0","2","Meal Plan 1","0","Room_Type 1","8","Offline","0","0","0","72","0","2/23/2018","Not_Canceled"
"BID35112","2","0","0","4","Not Selected","0","Room_Type 1","12","Online","0","0","0","81","0","2/23/2018","Not_Canceled"
"BID32406","1","0","2","4","Meal Plan 1","0","Room_Type 1","245","Offline","0","0","0","110","0","43258","Canceled"
"BID20207","2","0","0","3","Meal Plan 1","0","Room_Type 1","86","Online","0","0","0","81.86","1","12/30/2017","Not_Canceled"
"BID06291","2","2","1","2","Meal Plan 1","1","Room_Type 6","20","Online","0","0","0","199.33","2","12/28/2017","Not_Canceled"
"BID01857","1","0","2","4","Meal Plan 1","0","Room_Type 1","69","Online","0","0","0","120","0","43440","Canceled"
"BID36140","2","0","1","2","Meal Plan 1","0","Room_Type 1","305","Offline","0","0","0","89","0","43201","Canceled"
"BID03558","1","0","0","3","Meal Plan 1","0","Room_Type 1","6","Offline","0","0","0","62.8","0","43133","Not_Canceled"
"BID34220","3","0","0","4","Meal Plan 1","0","Room_Type 4","19","Online","0","0","0","91.47","2","9/30/2017","Not_Canceled"
"BID21959","2","0","2","1","Meal Plan 1","0","Room_Type 1","3","Offline","0","0","0","80","0","12/19/2017","Not_Canceled"
"BID08787","2","0","0","4","Meal Plan 1","0","Room_Type 1","110","Offline","0","0","0","70","1","42990","Not_Canceled"
"BID03234","2","0","0","3","Meal Plan 1","0","Room_Type 1","103","Offline","0","0","0","80","0","43195","Not_Canceled"
"BID16942","2","0","1","2","Meal Plan 1","0","Room_Type 4","16","Online","0","0","0","106","1","2/26/2018","Canceled"
"BID20401","2","0","0","2","Meal Plan 1","0","Room_Type 5","7","Offline","0","0","0","176","0","9/30/2018","Not_Canceled"
"BID03229","2","0","1","2","Not Selected","0","Room_Type 1","185","Online","0","0","0","79.2","0","12/16/2018","Canceled"
"BID06139","2","0","2","2","Meal Plan 1","0","Room_Type 4","92","Online","0","0","0","149.4","0","43352","Canceled"
"BID02142","2","0","0","2","Meal Plan 2","0","Room_Type 1","74","Offline","0","0","0","109","0","9/18/2017","Not_Canceled"
"BID00576","2","0","2","1","Meal Plan 1","0","Room_Type 4","20","Online","0","0","0","117.55","1","7/30/2018","Not_Canceled"
"BID04869","2","0","1","1","Meal Plan 2","0","Room_Type 4","9","Offline","0","0","0","86.8","0","2/22/2018","Not_Canceled"
"BID35164","2","0","0","4","Meal Plan 1","0","Room_Type 1","77","Online","0","0","0","116.94","0","9/22/2017","Canceled"
"BID22902","2","0","2","1","Meal Plan 2","0","Room_Type 1","23","Offline","0","0","0","109","0","43132","Not_Canceled"
"BID30305","1","0","2","1","Meal Plan 1","0","Room_Type 1","2","Corporate","1","3","41","65","0","43289","Not_Canceled"
"BID19085","3","0","0","2","Meal Plan 1","0","Room_Type 4","109","Online","0","0","0","150.3","0","8/19/2018","Canceled"
"BID06973","2","0","0","2","Meal Plan 2","0","Room_Type 1","273","Online","0","0","0","109","0","7/17/2017","Canceled"
"BID24581","2","0","1","2","Not Selected","0","Room_Type 1","244","Online","0","0","0","80.7","0","12/30/2018","Canceled"
"BID17791","2","0","0","3","Meal Plan 1","1","Room_Type 4","18","Online","0","0","0","139","2","43170","Not_Canceled"
"BID00712","2","0","1","3","Meal Plan 1","0","Room_Type 1","210","Offline","0","0","0","72.75","0","42957","Not_Canceled"
"BID05127","3","0","0","2","Meal Plan 1","0","Room_Type 4","44","Online","0","0","0","150.3","0","43107","Canceled"
"BID04454","2","0","1","2","Meal Plan 1","0","Room_Type 1","305","Online","0","0","0","89","0","43201","Canceled"
"BID04020","2","0","0","3","Meal Plan 1","0","Room_Type 1","304","Online","0","0","0","89","0","43170","Canceled"
"BID05248","1","0","0","1","Not Selected","0","Room_Type 1","0","Online","0","0","0","85","0","2/24/2018","Not_Canceled"
"BID03494","2","2","0","3","Meal Plan 1","0","Room_Type 6","55","Online","0","0","0","207.9","0","9/20/2018","Canceled"
"BID11293","1","0","0","1","Meal Plan 1","0","Room_Type 1","0","Online","0","0","0","85","0","43375","Canceled"
"BID02727","2","0","1","4","Meal Plan 1","0","Room_Type 4","54","Online","0","0","0","118.2","1","12/30/2017","Not_Canceled"
"BID15158","1","0","0","1","Not Selected","0","Room_Type 1","113","Online","0","0","0","108","1","10/13/2018","Not_Canceled"
"BID08229","2","0","0","4","Meal Plan 1","0","Room_Type 1","323","Offline","0","0","0","70","0","5/17/2018","Canceled"
"BID17610","3","0","1","1","Meal Plan 1","0","Room_Type 4","51","Online","0","0","0","158.4","1","10/17/2018","Canceled"
"BID23888","2","0","1","2","Meal Plan 1","0","Room_Type 1","135","Offline","0","0","0","90","0","9/14/2017","Not_Canceled"
"BID15120","1","0","0","1","Meal Plan 1","0","Room_Type 1","0","Online","0","0","0","138","0","8/17/2018","Not_Canceled"
"BID30589","3","0","2","5","Meal Plan 1","0","Room_Type 1","170","Online","0","0","0","95.13","2","7/24/2018","Not_Canceled"
"BID19665","2","1","1","0","Meal Plan 1","0","Room_Type 1","1","Online","0","0","0","101","0","3/28/2018","Not_Canceled"
"BID33019","2","0","1","2","Not Selected","0","Room_Type 1","67","Offline","0","0","0","75.65","0","43104","Not_Canceled"
"BID10115","2","0","2","1","Meal Plan 1","0","Room_Type 1","98","Online","0","0","0","90.6","1","10/30/2018","Not_Canceled"
"BID07913","2","0","1","0","Not Selected","0","Room_Type 1","1","Online","0","0","0","98","0","42986","Not_Canceled"
"BID18088","2","0","1","3","Meal Plan 1","0","Room_Type 1","42","Offline","0","0","0","60","1","1/14/2018","Not_Canceled"
"BID00603","2","0","0","2","Meal Plan 2","0","Room_Type 1","265","Online","0","0","0","109","0","6/24/2018","Canceled"
"BID22951","2","0","1","2","Meal Plan 1","0","Room_Type 1","121","Online","0","0","0","76.5","0","43016","Canceled"
"BID23178","0","2","0","3","Meal Plan 1","0","Room_Type 2","56","Online","0","0","0","82.44","1","43324","Not_Canceled"
"BID15041","2","0","0","1","Meal Plan 1","0","Room_Type 1","180","Offline","0","0","0","70","0","10/16/2017","Canceled"
"BID25974","2","0","0","2","Meal Plan 1","0","Room_Type 1","0","Complementary","0","0","0","0","0","43143","Not_Canceled"
"BID26445","2","0","0","1","Meal Plan 1","0","Room_Type 1","87","Corporate","0","0","0","100","0","43017","Canceled"
"BID07946","2","0","1","3","Not Selected","0","Room_Type 1","85","Online","0","0","0","102.43","0","4/28/2018","Canceled"
"BID20200","1","0","0","1","Not Selected","0","Room_Type 1","10","Online","0","0","0","98.1","0","4/14/2018","Not_Canceled"
"BID08313","2","0","0","2","Not Selected","0","Room_Type 1","64","Online","0","0","0","65.36","2","1/19/2018","Not_Canceled"
"BID06730","2","0","1","2","Meal Plan 1","0","Room_Type 2","161","Offline","0","0","0","80","0","4/22/2018","Not_Canceled"
"BID06153","2","0","2","5","Meal Plan 1","0","Room_Type 1","41","Online","0","0","0","135.9","0","8/20/2018","Canceled"
"BID24751","1","0","2","4","Meal Plan 1","0","Room_Type 1","69","Offline","0","0","0","120","0","43440","Canceled"
"BID26817","2","0","2","1","Meal Plan 1","0","Room_Type 1","115","Offline","0","0","0","72.25","0","7/31/2018","Canceled"
"BID25728","3","0","2","5","Meal Plan 2","0","Room_Type 1","141","Offline","0","0","0","96.9","1","43441","Not_Canceled"
"BID06646","2","0","0","2","Meal Plan 1","0","Room_Type 1","43","Offline","0","0","0","85.5","0","10/19/2018","Not_Canceled"
"BID03957","2","0","2","0","Not Selected","0","Room_Type 1","74","Online","0","0","0","79.2","2","11/13/2018","Not_Canceled"
"BID10283","1","0","0","2","Not Selected","0","Room_Type 1","19","Online","0","0","0","149","1","9/23/2018","Not_Canceled"
"BID10093","2","1","0","1","Meal Plan 1","0","Room_Type 1","1","Online","0","0","0","159","2","3/24/2018","Not_Canceled"
"BID31865","1","0","2","7","Meal Plan 1","0","Room_Type 1","161","Online","0","0","0","63.42","1","6/28/2018","Not_Canceled"
"BID12501","3","0","1","2","Meal Plan 1","0","Room_Type 4","40","Online","0","0","0","174.3","1","7/15/2018","Not_Canceled"
"BID18024","2","0","1","2","Meal Plan 1","0","Room_Type 1","74","Online","0","0","0","78.3","1","43407","Not_Canceled"
"BID19445","2","0","0","2","Not Selected","0","Room_Type 1","52","Online","0","0","0","125.1","1","43352","Not_Canceled"
"BID18760","1","0","2","0","Meal Plan 1","0","Room_Type 1","0","Complementary","1","0","1","0","1","9/20/2017","Not_Canceled"
"BID20778","3","0","0","1","Meal Plan 1","0","Room_Type 1","72","Online","0","0","0","159.3","0","5/13/2018","Canceled"
"BID25844","2","0","2","2","Not Selected","0","Room_Type 1","91","Online","0","0","0","103.5","0","43166","Not_Canceled"
"BID14826","2","0","0","1","Meal Plan 1","0","Room_Type 1","152","Online","0","0","0","105.3","2","8/20/2018","Canceled"
"BID36241","2","0","2","1","Meal Plan 1","0","Room_Type 1","32","Offline","0","0","0","85.5","0","43353","Not_Canceled"
"BID27568","1","0","0","1","Meal Plan 1","0","Room_Type 1","21","Online","0","0","0","85","0","43193","Canceled"
"BID22455","1","0","0","3","Meal Plan 1","0","Room_Type 1","94","Offline","0","0","0","85","0","9/22/2018","Canceled"
"BID11479","1","0","0","1","Meal Plan 1","0","Room_Type 1","0","Online","0","0","0","135","0","5/17/2018","Not_Canceled"
"BID21112","2","0","2","0","Meal Plan 2","0","Room_Type 1","196","Online","0","0","0","139.5","0","8/21/2018","Canceled"
"BID22493","1","0","0","3","Meal Plan 1","0","Room_Type 1","55","Online","0","0","0","86.4","2","43324","Not_Canceled"
"BID17568","1","0","0","3","Meal Plan 1","0","Room_Type 1","14","Online","0","0","0","114","1","9/15/2017","Not_Canceled"
"BID23525","2","0","1","1","Meal Plan 2","0","Room_Type 1","247","Offline","0","0","0","115","1","43257","Canceled"
"BID24674","2","0","0","3","Meal Plan 1","0","Room_Type 1","44","Offline","0","0","0","75","0","2/17/2018","Not_Canceled"
"BID08062","2","0","1","3","Meal Plan 1","0","Room_Type 4","73","Offline","0","0","0","69.7","1","3/28/2018","Not_Canceled"
"BID16288","1","0","2","5","Not Selected","0","Room_Type 1","97","Online","0","0","0","58.6","0","43437","Not_Canceled"
"BID08272","2","0","0","1","Not Selected","0","Room_Type 1","0","Online","0","0","0","89","1","42955","Not_Canceled"
"BID27980","1","0","0","1","Meal Plan 1","0","Room_Type 1","8","Online","0","0","0","62.37","0","11/26/2017","Not_Canceled"
"BID25114","2","0","0","5","Meal Plan 1","0","Room_Type 4","140","Offline","0","0","0","86.05","0","43351","Not_Canceled"
"BID08946","2","0","1","4","Meal Plan 1","0","Room_Type 1","148","Offline","0","0","0","67","0","12/30/2017","Not_Canceled"
"BID31286","2","0","2","2","Meal Plan 1","0","Room_Type 4","31","Online","0","0","0","149.4","2","43352","Not_Canceled"
"BID26259","2","0","0","2","Meal Plan 2","0","Room_Type 1","63","Offline","0","0","0","116","0","42834","Not_Canceled"
"BID00543","2","0","0","4","Meal Plan 1","0","Room_Type 4","47","Online","0","0","0","130.61","1","9/27/2018","Canceled"
"BID25607","1","0","1","0","Meal Plan 1","0","Room_Type 1","111","Offline","0","0","0","120","0","43383","Canceled"
"BID10955","2","0","1","1","Meal Plan 2","0","Room_Type 1","247","Offline","0","0","0","109","0","43257","Canceled"
"BID32300","2","0","0","1","Meal Plan 1","0","Room_Type 1","105","Offline","0","0","0","75","0","43255","Canceled"
"BID04405","2","0","0","2","Meal Plan 1","0","Room_Type 1","1","Online","0","0","0","131","1","4/27/2018","Not_Canceled"
"BID28998","2","0","0","4","Not Selected","0","Room_Type 1","54","Online","0","0","0","47.43","0","43103","Canceled"
"BID27841","1","0","0","2","Meal Plan 1","0","Room_Type 1","19","Online","0","0","0","112","0","43111","Canceled"
"BID00300","2","0","2","6","Meal Plan 1","0","Room_Type 1","2","Online","0","0","0","92.54","2","11/16/2018","Not_Canceled"
"BID32200","2","0","0","1","Meal Plan 1","1","Room_Type 1","1","Online","0","0","0","107","0","43252","Not_Canceled"
"BID13820","1","0","0","1","Meal Plan 1","0","Room_Type 1","6","Corporate","0","0","0","65","0","43077","Not_Canceled"
"BID21027","2","1","2","3","Meal Plan 1","0","Room_Type 1","12","Online","0","0","0","111","1","43436","Not_Canceled"
"BID14191","2","0","0","2","Meal Plan 1","0","Room_Type 1","6","Online","0","0","0","118","0","43407","Canceled"
"BID13687","2","0","0","2","Meal Plan 2","0","Room_Type 1","74","Offline","0","0","0","109","0","9/18/2017","Not_Canceled"
"BID02197","2","0","2","3","Not Selected","0","Room_Type 1","90","Online","0","0","0","74.8","1","12/24/2018","Not_Canceled"
"BID26359","2","0","0","3","Not Selected","0","Room_Type 1","128","Online","0","0","0","103.5","0","43288","Canceled"
"BID26317","1","0","0","2","Meal Plan 1","0","Room_Type 1","164","Offline","0","0","0","100","0","42776","Not_Canceled"
"BID02636","1","0","0","4","Not Selected","0","Room_Type 1","17","Online","0","0","0","55","0","1/26/2018","Not_Canceled"
"BID05227","2","0","2","3","Meal Plan 1","0","Room_Type 1","192","Online","0","0","0","19.15","0","9/25/2017","Canceled"
"BID02685","2","0","0","3","Meal Plan 1","0","Room_Type 1","50","Offline","0","0","0","52","1","1/14/2018","Not_Canceled"
"BID24310","2","0","0","2","Meal Plan 1","0","Room_Type 1","211","Offline","0","0","0","100","0","5/20/2018","Canceled"
"BID11621","1","0","1","0","Meal Plan 1","0","Room_Type 1","0","Corporate","0","0","0","65","0","42989","Not_Canceled"
"BID02640","1","0","1","0","Not Selected","0","Room_Type 1","24","Online","0","0","0","124","1","43136","Not_Canceled"
"BID07886","1","0","0","2","Not Selected","0","Room_Type 1","218","Online","0","0","0","49.68","0","43355","Canceled"
"BID24339","2","0","0","1","Meal Plan 1","0","Room_Type 1","0","Online","0","0","0","141","0","3/24/2018","Not_Canceled"
"BID17466","2","0","1","0","Meal Plan 1","0","Room_Type 1","12","Online","0","0","0","93","2","43283","Not_Canceled"
"BID34234","2","0","0","1","Meal Plan 1","0","Room_Type 1","14","Online","0","0","0","160","0","10/22/2018","Canceled"
"BID22348","1","0","0","2","Meal Plan 1","0","Room_Type 1","3","Offline","0","0","0","120","0","43379","Not_Canceled"
"BID34008","3","0","0","3","Meal Plan 1","0","Room_Type 1","28","Offline","0","0","0","51.6","1","11/17/2017","Not_Canceled"
"BID08417","2","0","1","2","Meal Plan 2","0","Room_Type 1","161","Offline","0","0","0","130","0","3/25/2018","Canceled"
"BID32855","2","0","1","2","Meal Plan 1","0","Room_Type 1","80","Offline","0","0","0","75","0","9/26/2018","Canceled"
"BID12752","2","0","2","0","Meal Plan 1","0","Room_Type 1","85","Online","0","0","0","90.9","1","10/30/2018","Canceled"
"BID32727","1","0","2","6","Meal Plan 1","0","Room_Type 4","67","Online","0","0","0","149.4","0","9/15/2018","Canceled"
"BID13487","2","0","1","4","Meal Plan 1","0","Room_Type 1","98","Online","0","0","0","90","1","43142","Not_Canceled"
"BID05920","2","0","2","0","Meal Plan 1","0","Room_Type 1","12","Online","0","0","0","130","2","8/28/2018","Not_Canceled"
"BID28849","2","0","0","1","Meal Plan 1","0","Room_Type 1","105","Offline","0","0","0","75","0","43255","Canceled"
"BID34313","2","0","2","1","Meal Plan 1","0","Room_Type 1","68","Online","0","0","0","92.83","0","6/18/2018","Canceled"
"BID14798","1","0","2","4","Meal Plan 1","0","Room_Type 1","0","Online","0","0","0","136","0","9/13/2017","Not_Canceled"
"BID29135","2","0","2","5","Meal Plan 1","0","Room_Type 1","179","Offline","0","0","0","80.75","0","43443","Not_Canceled"
"BID03923","2","1","2","2","Meal Plan 1","0","Room_Type 1","141","Online","0","0","0","149.85","2","43199","Not_Canceled"
"BID12546","1","0","1","0","Meal Plan 1","1","Room_Type 1","6","Corporate","0","0","0","65","0","9/26/2018","Not_Canceled"
"BID05706","2","0","0","1","Meal Plan 1","0","Room_Type 4","131","Online","0","0","0","114.3","1","5/13/2018","Canceled"
"BID26999","2","0","0","1","Meal Plan 1","0","Room_Type 1","0","Online","0","0","0","73.07","0","43318","Not_Canceled"
"BID07752","1","0","1","2","Meal Plan 1","0","Room_Type 1","9","Online","0","0","0","82","2","1/15/2018","Not_Canceled"
"BID33311","1","0","0","2","Meal Plan 1","0","Room_Type 1","15","Corporate","0","0","0","80","0","1/26/2018","Not_Canceled"
"BID17767","2","0","2","2","Meal Plan 1","0","Room_Type 4","148","Online","0","0","0","108.16","1","5/29/2018","Not_Canceled"
"BID33490","2","0","2","1","Meal Plan 2","0","Room_Type 1","103","Offline","0","0","0","94.5","0","7/18/2017","Canceled"
"BID02060","3","0","1","3","Meal Plan 1","0","Room_Type 4","88","Online","0","0","0","151.2","0","43383","Canceled"
"BID04881","1","0","0","1","Meal Plan 1","0","Room_Type 1","99","Corporate","0","0","0","81","0","2/19/2018","Not_Canceled"
"BID35685","2","0","0","3","Meal Plan 1","0","Room_Type 4","48","Online","0","0","0","105.3","1","43346","Not_Canceled"
"BID10232","3","1","0","3","Meal Plan 1","0","Room_Type 7","13","Online","0","0","0","231.15","2","43381","Not_Canceled"
"BID30457","1","0","0","2","Not Selected","0","Room_Type 1","74","Online","0","0","0","80.1","3","10/27/2018","Not_Canceled"
"BID22019","1","0","0","1","Meal Plan 1","0","Room_Type 1","4","Corporate","0","0","0","65","0","43378","Not_Canceled"
"BID29877","3","0","0","4","Meal Plan 1","0","Room_Type 4","43","Online","0","0","0","122.4","0","43111","Not_Canceled"
"BID33059","2","0","2","2","Not Selected","0","Room_Type 1","117","Online","0","0","0","99.45","1","5/13/2018","Not_Canceled"
"BID06259","2","0","2","6","Meal Plan 1","0","Room_Type 1","119","Online","0","0","0","82.87","1","8/27/2017","Not_Canceled"
"BID22360","2","0","0","1","Not Selected","0","Room_Type 1","8","Online","0","0","0","99","1","5/25/2018","Not_Canceled"
"BID32172","1","0","0","1","Meal Plan 1","0","Room_Type 1","87","Corporate","0","0","0","90","0","43048","Canceled"
"BID33347","2","0","3","10","Not Selected","0","Room_Type 1","72","Online","0","0","0","75.82","0","11/14/2018","Canceled"
"BID10690","2","0","1","2","Not Selected","0","Room_Type 1","64","Online","0","0","0","116.1","2","4/29/2018","Not_Canceled"
"BID21901","3","0","0","3","Meal Plan 1","0","Room_Type 5","103","Offline","0","0","0","113.05","1","12/27/2018","Not_Canceled"
"BID34108","2","0","0","3","Meal Plan 1","0","Room_Type 1","34","Offline","0","0","0","76.5","0","10/13/2017","Not_Canceled"
"BID33759","2","1","1","1","Meal Plan 1","0","Room_Type 1","3","Online","0","0","0","119","0","3/21/2018","Not_Canceled"
"BID30588","1","0","0","2","Meal Plan 1","0","Room_Type 1","1","Online","0","0","0","85","0","1/28/2018","Not_Canceled"
"BID23585","2","0","0","2","Meal Plan 1","1","Room_Type 4","6","Online","0","0","0","108","1","1/22/2018","Not_Canceled"
"BID02868","2","0","0","1","Meal Plan 1","0","Room_Type 1","38","Online","0","0","0","109.8","0","43140","Not_Canceled"
"BID23965","1","0","0","1","Meal Plan 1","0","Room_Type 1","47","Online","0","0","0","99.9","0","43438","Canceled"
"BID35417","2","0","0","4","Meal Plan 1","0","Room_Type 1","99","Online","0","0","0","118.8","2","10/19/2018","Not_Canceled"
"BID10532","2","0","1","4","Meal Plan 1","0","Room_Type 4","41","Online","0","0","0","123.3","2","8/31/2018","Not_Canceled"
"BID01027","3","0","0","3","Meal Plan 1","0","Room_Type 4","25","Online","0","0","0","167","0","43255","Canceled"
"BID25591","2","1","0","3","Meal Plan 1","0","Room_Type 1","56","Online","0","0","0","109.8","1","43324","Not_Canceled"
"BID25324","2","0","0","1","Meal Plan 1","0","Room_Type 1","10","Online","0","0","0","89.3","0","1/14/2018","Not_Canceled"
"BID27323","2","0","0","2","Meal Plan 1","0","Room_Type 1","245","Offline","0","0","0","75","0","6/17/2018","Canceled"
"BID25710","2","0","1","3","Meal Plan 1","0","Room_Type 1","12","Corporate","0","0","0","100","0","43079","Not_Canceled"
"BID22152","1","0","1","4","Not Selected","0","Room_Type 1","9","Online","0","0","0","54.9","0","1/18/2018","Not_Canceled"
"BID01097","3","0","1","2","Meal Plan 1","0","Room_Type 1","33","Corporate","0","0","0","95","0","1/25/2018","Not_Canceled"
"BID22954","2","0","2","2","Not Selected","0","Room_Type 1","91","Online","0","0","0","61.33","1","10/30/2018","Not_Canceled"
"BID32592","2","0","0","3","Meal Plan 1","1","Room_Type 4","66","Online","0","0","0","96.3","0","43346","Not_Canceled"
"BID19655","2","0","1","2","Meal Plan 1","0","Room_Type 1","104","Online","0","0","0","138.6","2","43140","Not_Canceled"
"BID18957","1","0","1","0","Meal Plan 1","0","Room_Type 1","4","Corporate","1","0","1","41","1","43102","Not_Canceled"
"BID27593","1","0","2","3","Not Selected","0","Room_Type 1","59","Online","0","0","0","79.05","1","3/20/2018","Not_Canceled"
"BID29422","2","0","0","2","Not Selected","0","Room_Type 1","53","Online","0","0","0","78.35","1","43107","Not_Canceled"
"BID24583","2","0","1","3","Not Selected","0","Room_Type 1","2","Offline","0","0","0","72.25","0","6/16/2018","Not_Canceled"
"BID06022","3","0","0","2","Meal Plan 1","0","Room_Type 4","67","Online","0","0","0","142.2","1","7/20/2018","Canceled"
"BID08293","1","0","0","1","Meal Plan 1","1","Room_Type 1","2","Corporate","1","0","7","67","0","43409","Not_Canceled"
"BID07145","2","0","0","3","Meal Plan 1","0","Room_Type 1","146","Offline","0","0","0","75","0","12/29/2017","Not_Canceled"
"BID28738","2","0","4","10","Meal Plan 1","0","Room_Type 4","152","Offline","0","0","0","80.39","0","10/24/2018","Canceled"
"BID21428","2","0","1","1","Meal Plan 1","0","Room_Type 4","69","Online","0","0","0","140.4","0","4/30/2018","Canceled"
"BID27124","1","0","0","1","Meal Plan 2","0","Room_Type 4","55","Offline","0","0","0","92","0","43255","Not_Canceled"
"BID19999","1","0","0","3","Meal Plan 1","0","Room_Type 1","166","Offline","0","0","0","110","0","43111","Canceled"
"BID00888","2","0","1","0","Meal Plan 1","0","Room_Type 1","286","Online","0","0","0","90","0","10/16/2018","Canceled"
"BID02843","2","0","1","1","Not Selected","0","Room_Type 1","1","Online","0","0","0","89","1","43194","Not_Canceled"
"BID10210","3","0","0","5","Meal Plan 1","0","Room_Type 4","107","Online","0","0","0","146.7","2","6/28/2018","Not_Canceled"
"BID00535","2","0","0","2","Meal Plan 1","0","Room_Type 4","5","Online","0","0","0","156","1","6/21/2018","Not_Canceled"
"BID25544","2","2","1","1","Meal Plan 1","0","Room_Type 6","15","Online","0","0","0","153","0","8/29/2017","Canceled"
"BID14550","2","0","2","2","Meal Plan 1","0","Room_Type 1","2","Offline","0","0","0","81.75","0","5/15/2018","Not_Canceled"
"BID20037","2","0","0","3","Not Selected","0","Room_Type 1","128","Online","0","0","0","103.5","0","43288","Canceled"
"BID12806","2","0","2","1","Meal Plan 1","0","Room_Type 4","31","Offline","0","0","0","75","1","10/25/2017","Not_Canceled"
"BID33629","1","0","0","2","Meal Plan 1","0","Room_Type 1","103","Offline","0","0","0","115","0","4/19/2018","Canceled"
"BID08784","1","0","1","5","Meal Plan 1","0","Room_Type 4","48","Online","0","0","0","98.18","0","3/15/2018","Canceled"
"BID09433","2","0","0","2","Meal Plan 1","0","Room_Type 4","41","Online","0","0","0","142.2","0","6/17/2018","Canceled"
"BID34834","2","0","2","5","Meal Plan 1","0","Room_Type 1","28","Offline","0","0","0","90.51","0","42803","Not_Canceled"
"BID14085","1","0","0","2","Meal Plan 1","0","Room_Type 1","181","Offline","0","0","0","120","0","43414","Canceled"
"BID30822","2","0","0","5","Meal Plan 1","0","Room_Type 4","133","Offline","0","0","0","90.95","0","6/21/2018","Not_Canceled"
"BID04387","2","0","0","3","Meal Plan 1","0","Room_Type 1","12","Offline","0","0","0","38.67","0","3/17/2018","Not_Canceled"
"BID21504","2","0","0","2","Meal Plan 1","0","Room_Type 2","188","Online","0","0","0","86.75","1","43288","Canceled"
"BID23819","2","0","4","6","Not Selected","0","Room_Type 1","207","Online","0","0","0","81.6","0","8/13/2018","Canceled"
"BID03925","2","0","0","4","Not Selected","0","Room_Type 1","41","Online","0","0","0","62","0","1/20/2018","Not_Canceled"
"BID23425","2","0","2","3","Meal Plan 1","0","Room_Type 4","184","Online","0","0","0","137.28","0","9/22/2018","Canceled"
"BID11267","1","0","1","2","Meal Plan 1","0","Room_Type 4","4","Aviation","0","0","0","110","0","43383","Not_Canceled"
"BID22933","2","1","0","2","Meal Plan 1","0","Room_Type 1","3","Online","0","0","0","173.5","2","43441","Not_Canceled"
"BID25881","2","0","1","3","Meal Plan 1","0","Room_Type 1","8","Online","0","0","0","128.5","2","6/20/2018","Not_Canceled"
"BID21698","1","0","0","1","Meal Plan 1","0","Room_Type 1","1","Corporate","1","3","30","65","0","43195","Not_Canceled"
"BID21472","1","0","1","2","Meal Plan 1","0","Room_Type 5","206","Corporate","0","0","0","106","0","9/19/2018","Canceled"
"BID01948","2","0","1","3","Meal Plan 1","0","Room_Type 4","35","Offline","0","0","0","60","0","42777","Not_Canceled"
"BID32257","2","0","2","2","Meal Plan 1","0","Room_Type 1","49","Online","0","0","0","126.9","1","7/17/2018","Not_Canceled"
"BID31388","2","0","2","5","Meal Plan 1","0","Room_Type 1","66","Online","0","0","0","85.38","0","3/13/2018","Canceled"
"BID05636","1","0","0","3","Meal Plan 1","0","Room_Type 1","227","Online","0","0","0","72.9","0","43324","Canceled"
"BID26438","1","0","0","1","Meal Plan 1","0","Room_Type 1","3","Online","0","0","0","86","0","43192","Not_Canceled"
"BID15113","2","1","2","5","Meal Plan 1","0","Room_Type 4","31","Offline","0","0","0","84.03","3","1/30/2018","Not_Canceled"
"BID07161","2","0","6","14","Meal Plan 1","0","Room_Type 1","6","Online","0","0","0","87.7","1","43374","Not_Canceled"
"BID09573","2","0","1","1","Not Selected","0","Room_Type 1","2","Online","0","0","0","75","1","43191","Not_Canceled"
"BID04110","3","0","0","4","Meal Plan 1","0","Room_Type 4","87","Online","0","0","0","146.7","1","6/29/2018","Not_Canceled"
"BID11902","3","0","0","2","Meal Plan 1","0","Room_Type 4","85","Online","0","0","0","151.2","2","43291","Not_Canceled"
"BID20445","3","0","1","1","Meal Plan 1","0","Room_Type 4","59","Online","0","0","0","168.3","0","9/24/2018","Canceled"
"BID31998","2","0","0","1","Meal Plan 1","0","Room_Type 1","11","Online","0","0","0","141","0","43286","Canceled"
"BID11056","2","1","1","2","Meal Plan 1","0","Room_Type 1","190","Online","0","0","0","121.5","1","43320","Canceled"
"BID06299","2","0","2","1","Meal Plan 1","0","Room_Type 1","19","Online","0","0","0","69","2","42867","Not_Canceled"
"BID31517","2","0","2","4","Meal Plan 1","1","Room_Type 1","132","Online","0","0","0","105.37","1","7/22/2018","Not_Canceled"
"BID22793","3","0","5","11","Meal Plan 2","0","Room_Type 1","152","Online","0","0","0","184.34","2","7/30/2018","Canceled"
"BID23891","2","0","1","4","Meal Plan 1","0","Room_Type 1","154","Offline","0","0","0","80.75","0","43443","Not_Canceled"
"BID27591","3","0","1","2","Meal Plan 1","0","Room_Type 4","28","Online","0","0","0","125.77","1","2/26/2018","Canceled"
"BID35675","1","0","0","1","Meal Plan 1","1","Room_Type 1","6","Online","0","0","0","85","1","43435","Not_Canceled"
"BID12548","2","0","0","3","Meal Plan 1","0","Room_Type 1","9","Offline","0","0","0","95","0","4/20/2018","Not_Canceled"
"BID32993","2","0","0","4","Meal Plan 1","0","Room_Type 1","259","Offline","0","0","0","89","0","43230","Canceled"
"BID27202","2","0","0","2","Meal Plan 1","0","Room_Type 1","58","Online","0","0","0","80.3","1","43193","Not_Canceled"
"BID08982","2","0","0","4","Not Selected","0","Room_Type 1","52","Online","0","0","0","63.75","0","43346","Canceled"
"BID09946","2","0","1","1","Meal Plan 1","0","Room_Type 1","3","Corporate","0","0","0","142","0","10/19/2017","Not_Canceled"
"BID05319","2","0","0","1","Meal Plan 1","0","Room_Type 1","1","Corporate","0","0","0","85","0","9/29/2017","Not_Canceled"
"BID14039","2","0","1","1","Meal Plan 1","0","Room_Type 1","0","Complementary","0","0","0","4.5","0","11/28/2018","Not_Canceled"
"BID31655","2","0","1","3","Meal Plan 1","0","Room_Type 1","20","Offline","0","0","0","65.58","0","43284","Not_Canceled"
"BID28735","2","0","2","4","Meal Plan 1","0","Room_Type 1","165","Offline","0","0","0","72.25","2","7/31/2018","Not_Canceled"
"BID18455","2","0","2","0","Meal Plan 1","1","Room_Type 1","2","Online","0","0","0","80.6","0","43160","Not_Canceled"
"BID19843","1","0","2","4","Meal Plan 1","0","Room_Type 1","69","Offline","0","0","0","120","0","43440","Canceled"
"BID19366","2","0","0","1","Meal Plan 1","0","Room_Type 1","113","Online","0","0","0","76.5","2","8/22/2017","Canceled"
"BID29029","1","0","0","2","Meal Plan 1","0","Room_Type 4","63","Online","0","0","0","132.3","0","10/20/2018","Canceled"
"BID08807","2","0","0","4","Meal Plan 1","0","Room_Type 1","184","Online","0","0","0","99.45","1","43351","Canceled"
"BID22523","2","0","2","2","Meal Plan 1","0","Room_Type 1","71","Online","0","0","0","88.4","1","11/19/2018","Canceled"
"BID06228","2","0","1","3","Meal Plan 1","0","Room_Type 1","91","Offline","0","0","0","95","1","9/26/2018","Not_Canceled"
"BID07419","2","1","0","3","Meal Plan 1","0","Room_Type 1","25","Online","0","0","0","80.85","2","9/15/2017","Not_Canceled"
"BID12969","1","0","0","1","Not Selected","0","Room_Type 1","0","Online","0","0","0","129","2","6/17/2018","Not_Canceled"
"BID25164","2","0","1","2","Meal Plan 1","0","Room_Type 1","35","Online","0","0","0","129","1","10/28/2018","Not_Canceled"
"BID01646","1","0","1","1","Meal Plan 1","0","Room_Type 1","4","Online","0","0","0","128","3","8/17/2017","Not_Canceled"
"BID14918","2","0","2","5","Meal Plan 2","0","Room_Type 1","19","Online","0","0","0","162.29","2","43260","Not_Canceled"
"BID28083","1","0","0","1","Meal Plan 1","0","Room_Type 1","0","Complementary","1","0","10","0","1","11/26/2017","Not_Canceled"
"BID08101","3","0","1","3","Meal Plan 1","0","Room_Type 1","70","Offline","0","0","0","84.15","1","3/28/2018","Not_Canceled"
"BID30273","2","0","0","3","Meal Plan 1","0","Room_Type 1","23","Online","0","0","0","111.33","1","9/30/2017","Not_Canceled"
"BID17451","3","0","1","1","Meal Plan 1","0","Room_Type 4","37","Online","0","0","0","175.5","1","10/15/2018","Not_Canceled"
"BID20256","2","0","1","2","Meal Plan 1","0","Room_Type 1","193","Offline","0","0","0","120","0","6/20/2018","Canceled"
"BID11725","2","0","1","2","Not Selected","0","Room_Type 1","9","Online","0","0","0","78","0","12/16/2018","Not_Canceled"
"BID07903","2","0","1","4","Meal Plan 1","0","Room_Type 1","38","Online","0","0","0","63.06","1","43346","Not_Canceled"
"BID19442","3","0","0","3","Meal Plan 1","0","Room_Type 4","5","Online","0","0","0","187","1","43441","Canceled"
"BID34549","3","0","1","3","Meal Plan 1","0","Room_Type 4","40","Online","0","0","0","152.33","2","3/24/2018","Not_Canceled"
"BID18893","2","0","0","2","Not Selected","1","Room_Type 1","17","Online","0","0","0","128","2","9/15/2018","Not_Canceled"
"BID17456","2","0","2","0","Meal Plan 1","1","Room_Type 1","11","Online","0","0","0","140","1","4/24/2018","Not_Canceled"
"BID14601","2","0","1","3","Meal Plan 1","1","Room_Type 1","93","Corporate","0","0","0","161.15","1","43292","Not_Canceled"
"BID16857","1","0","0","1","Meal Plan 1","0","Room_Type 1","10","Offline","0","0","0","67","0","8/29/2017","Not_Canceled"
"BID08579","1","0","1","1","Meal Plan 1","0","Room_Type 1","6","Corporate","0","0","0","95","0","10/17/2018","Not_Canceled"
"BID07061","3","0","1","5","Meal Plan 1","0","Room_Type 4","129","Online","0","0","0","132.88","0","7/26/2018","Canceled"
"BID15654","2","0","0","4","Meal Plan 2","0","Room_Type 1","100","Offline","0","0","0","140","1","9/28/2018","Not_Canceled"
"BID15558","1","0","0","1","Meal Plan 1","0","Room_Type 1","0","Online","0","0","0","129","0","10/14/2017","Not_Canceled"
"BID30260","2","0","2","5","Meal Plan 1","0","Room_Type 4","76","Online","0","0","0","116.36","1","10/22/2018","Not_Canceled"
"BID28903","2","0","1","2","Meal Plan 1","0","Room_Type 1","193","Offline","0","0","0","120","0","6/20/2018","Canceled"
"BID27579","1","0","0","2","Meal Plan 1","0","Room_Type 1","107","Offline","0","0","0","120","0","43379","Not_Canceled"
"BID21536","1","0","0","1","Meal Plan 1","0","Room_Type 1","0","Corporate","0","0","0","79","0","3/29/2018","Not_Canceled"
"BID04282","2","2","2","2","Meal Plan 1","0","Room_Type 6","12","Online","0","0","0","202.88","1","10/29/2018","Canceled"
"BID03743","1","0","0","3","Meal Plan 2","0","Room_Type 1","36","Offline","0","0","0","91","0","10/13/2017","Not_Canceled"
"BID05493","2","0","1","3","Meal Plan 1","0","Room_Type 1","14","Offline","0","0","0","80.75","0","5/30/2018","Not_Canceled"
"BID00960","2","0","0","1","Meal Plan 1","0","Room_Type 1","5","Online","0","0","0","130","1","8/20/2018","Not_Canceled"
"BID04713","2","1","1","0","Meal Plan 1","0","Room_Type 1","3","Online","0","0","0","119","2","4/24/2018","Not_Canceled"
"BID05531","2","0","1","2","Meal Plan 1","0","Room_Type 1","237","Online","0","0","0","89.25","0","9/14/2017","Canceled"
"BID08871","2","0","2","1","Not Selected","0","Room_Type 1","49","Online","0","0","0","69.5","0","43223","Not_Canceled"
"BID07628","2","0","1","3","Meal Plan 1","0","Room_Type 1","153","Online","0","0","0","85","0","6/30/2018","Canceled"
"BID30406","1","0","0","1","Meal Plan 1","1","Room_Type 1","2","Corporate","0","0","0","67","0","10/27/2018","Not_Canceled"
"BID22307","2","1","1","2","Meal Plan 1","0","Room_Type 1","16","Online","0","0","0","132.33","0","6/13/2018","Canceled"
"BID16338","2","0","1","1","Meal Plan 2","0","Room_Type 1","301","Offline","0","0","0","115","1","7/30/2018","Canceled"
"BID32293","2","0","2","2","Meal Plan 1","0","Room_Type 4","150","Online","0","0","0","123.3","0","7/30/2018","Canceled"
"BID13195","2","0","0","4","Meal Plan 1","0","Room_Type 4","5","Online","0","0","0","76.58","1","43019","Not_Canceled"
"BID15746","2","0","2","2","Meal Plan 1","0","Room_Type 1","230","Online","0","0","0","119.85","1","9/18/2018","Canceled"
"BID34639","1","0","1","2","Meal Plan 1","0","Room_Type 1","3","Corporate","1","0","1","66","0","2018-2-29","Not_Canceled"
"BID35215","1","0","0","2","Meal Plan 2","0","Room_Type 1","74","Offline","0","0","0","80","0","9/18/2017","Not_Canceled"
"BID04837","2","0","0","3","Meal Plan 1","0","Room_Type 1","113","Offline","0","0","0","95","0","5/31/2018","Not_Canceled"
"BID09556","2","0","0","1","Meal Plan 1","0","Room_Type 1","105","Offline","0","0","0","75","0","43255","Canceled"
"BID36243","1","0","2","4","Meal Plan 1","0","Room_Type 1","63","Offline","0","0","0","118.43","0","9/24/2017","Not_Canceled"
"BID34729","2","0","2","2","Meal Plan 1","0","Room_Type 4","17","Online","0","0","0","121.75","1","42776","Not_Canceled"
"BID23919","2","0","1","2","Meal Plan 1","0","Room_Type 1","207","Offline","0","0","0","161.67","0","12/30/2018","Not_Canceled"
"BID13985","3","0","2","2","Meal Plan 1","0","Room_Type 1","80","Offline","0","0","0","106.2","1","3/25/2018","Not_Canceled"
"BID34227","0","2","1","2","Meal Plan 1","0","Room_Type 2","37","Online","0","0","0","69.5","1","43436","Not_Canceled"
"BID30008","1","0","0","1","Meal Plan 1","0","Room_Type 1","4","Online","0","0","0","121","1","43139","Not_Canceled"
"BID03473","2","0","1","4","Not Selected","0","Room_Type 1","3","Online","0","0","0","90.6","0","43284","Canceled"
"BID02105","1","0","2","1","Meal Plan 1","0","Room_Type 1","4","Online","0","0","0","130.4","0","9/18/2018","Canceled"
"BID29495","1","0","2","0","Meal Plan 1","0","Room_Type 1","4","Online","0","0","0","103","0","43377","Not_Canceled"
"BID04539","2","0","0","1","Not Selected","0","Room_Type 1","17","Online","0","0","0","118","0","43140","Not_Canceled"
"BID29831","2","0","1","2","Meal Plan 1","0","Room_Type 1","19","Online","0","0","0","104","1","43232","Not_Canceled"
"BID01837","2","0","0","2","Not Selected","0","Room_Type 1","72","Online","0","0","0","79.2","1","11/18/2018","Canceled"
"BID21128","2","0","1","0","Meal Plan 1","0","Room_Type 1","0","Online","0","0","0","106","0","8/31/2017","Not_Canceled"
"BID17229","1","0","0","2","Meal Plan 1","0","Room_Type 1","96","Online","0","0","0","68","1","7/23/2017","Canceled"
"BID07337","2","0","0","2","Meal Plan 1","0","Room_Type 1","64","Online","0","0","0","79.2","2","11/20/2017","Not_Canceled"
"BID05073","2","1","0","2","Meal Plan 1","0","Room_Type 1","2","Online","0","0","0","123.5","3","8/28/2017","Not_Canceled"
"BID11694","2","0","1","3","Meal Plan 1","0","Room_Type 1","152","Offline","0","0","0","56.52","0","10/29/2017","Not_Canceled"
"BID13128","1","0","0","2","Meal Plan 1","0","Room_Type 1","1","Online","0","0","0","71.7","0","1/27/2018","Not_Canceled"
"BID04001","2","0","0","4","Meal Plan 1","0","Room_Type 1","44","Online","0","0","0","101.52","0","9/20/2018","Not_Canceled"
"BID28553","3","0","1","1","Meal Plan 1","0","Room_Type 4","35","Online","0","0","0","149.4","1","9/26/2018","Canceled"
"BID01815","2","0","0","2","Meal Plan 1","0","Room_Type 1","220","Online","0","0","0","96.3","1","43140","Canceled"
"BID22986","2","0","0","3","Meal Plan 1","0","Room_Type 4","3","Offline","0","0","0","85","0","10/15/2017","Not_Canceled"
"BID18355","2","0","2","2","Meal Plan 1","0","Room_Type 1","23","Corporate","0","0","0","50","0","42837","Not_Canceled"
"BID03466","2","0","0","2","Not Selected","0","Room_Type 1","2","Online","0","0","0","94.99","0","43381","Not_Canceled"
"BID35779","3","0","4","10","Meal Plan 1","0","Room_Type 4","73","Online","0","0","0","145.93","0","43138","Canceled"
"BID06021","2","0","1","2","Meal Plan 1","0","Room_Type 1","33","Online","0","0","0","135.9","1","43320","Canceled"
"BID16658","2","0","1","2","Meal Plan 2","0","Room_Type 1","5","Online","0","0","0","200.33","2","10/28/2018","Not_Canceled"
"BID04087","1","0","0","2","Meal Plan 1","0","Room_Type 1","192","Offline","0","0","0","95","0","6/24/2018","Not_Canceled"
"BID00940","2","0","0","2","Meal Plan 1","0","Room_Type 1","141","Online","0","0","0","128.8","1","9/23/2018","Not_Canceled"
"BID35342","2","0","2","5","Meal Plan 1","0","Room_Type 4","180","Offline","0","0","0","90.95","0","8/27/2018","Not_Canceled"
"BID19982","2","0","2","1","Meal Plan 1","0","Room_Type 1","244","Online","0","0","0","68.25","1","10/30/2018","Not_Canceled"
"BID18559","3","0","0","2","Meal Plan 1","0","Room_Type 4","66","Online","0","0","0","137.7","1","4/22/2018","Canceled"
"BID14896","2","0","1","2","Not Selected","0","Room_Type 1","174","Online","0","0","0","85.5","0","43197","Canceled"
"BID13324","2","0","0","2","Meal Plan 2","0","Room_Type 1","102","Offline","0","0","0","101.5","0","10/16/2017","Canceled"
"BID17832","2","0","1","1","Meal Plan 1","0","Room_Type 1","174","Offline","0","0","0","70","0","43018","Canceled"
"BID09386","2","0","0","5","Meal Plan 1","0","Room_Type 1","4","Online","0","0","0","90","2","43047","Not_Canceled"
"BID13100","3","0","2","2","Meal Plan 1","0","Room_Type 4","28","Online","0","0","0","149.15","0","5/22/2018","Canceled"
"BID34442","2","0","0","2","Meal Plan 1","0","Room_Type 1","122","Offline","0","0","0","85","0","4/15/2018","Not_Canceled"
"BID25128","2","0","0","2","Meal Plan 1","0","Room_Type 1","263","Offline","0","0","0","110","0","10/21/2018","Canceled"
"BID02167","1","0","2","2","Meal Plan 1","0","Room_Type 4","8","Online","0","0","0","130.48","0","5/28/2018","Canceled"
"BID05527","2","0","2","1","Meal Plan 2","0","Room_Type 5","39","Offline","0","0","0","114.8","0","43344","Not_Canceled"
"BID24626","2","0","0","4","Meal Plan 1","0","Room_Type 1","175","Online","0","0","0","112.63","0","8/31/2018","Canceled"
"BID02156","2","0","2","0","Meal Plan 1","0","Room_Type 1","0","Online","0","0","0","126","0","42835","Not_Canceled"
"BID27116","2","1","2","2","Meal Plan 1","0","Room_Type 1","107","Online","0","0","0","135.15","2","5/22/2018","Not_Canceled"
"BID13133","2","0","1","2","Meal Plan 1","0","Room_Type 1","22","Online","0","0","0","79.2","0","11/25/2018","Not_Canceled"
"BID27312","2","0","1","2","Meal Plan 1","0","Room_Type 1","193","Offline","0","0","0","120","0","6/20/2018","Canceled"
"BID11770","1","0","0","1","Meal Plan 1","0","Room_Type 1","99","Corporate","0","0","0","81","0","2/19/2018","Not_Canceled"
"BID09178","2","0","1","2","Meal Plan 1","0","Room_Type 1","37","Offline","0","0","0","70","0","12/14/2017","Not_Canceled"
"BID02541","1","0","0","2","Meal Plan 1","0","Room_Type 1","86","Offline","0","0","0","87.5","0","9/24/2017","Not_Canceled"
"BID23619","2","0","2","1","Meal Plan 1","0","Room_Type 1","120","Online","0","0","0","76.5","2","42986","Not_Canceled"
"BID26319","2","0","1","2","Meal Plan 1","0","Room_Type 1","121","Offline","0","0","0","90","0","6/24/2018","Canceled"
"BID30788","3","0","0","2","Meal Plan 1","0","Room_Type 4","16","Online","0","0","0","162","1","7/19/2018","Canceled"
"BID05126","1","0","0","4","Meal Plan 1","0","Room_Type 7","13","Corporate","0","0","0","102","0","43161","Not_Canceled"
"BID30250","2","0","0","2","Meal Plan 2","0","Room_Type 1","30","Offline","0","0","0","121","0","9/30/2017","Not_Canceled"
"BID22037","2","0","0","1","Meal Plan 2","0","Room_Type 1","55","Offline","0","0","0","104","0","43255","Not_Canceled"
"BID17989","2","2","1","1","Not Selected","1","Room_Type 6","5","Online","0","0","0","153","1","8/15/2017","Not_Canceled"
"BID23714","2","0","0","1","Meal Plan 1","0","Room_Type 4","11","Offline","0","0","0","92.8","0","43285","Not_Canceled"
"BID20935","2","0","1","2","Meal Plan 1","0","Room_Type 1","75","Online","0","0","0","135.9","3","9/26/2018","Not_Canceled"
"BID05288","2","0","1","2","Meal Plan 2","0","Room_Type 1","315","Online","0","0","0","160","0","9/30/2018","Canceled"
"BID02753","2","2","0","1","Meal Plan 2","0","Room_Type 6","222","Online","0","0","0","219.6","0","10/29/2018","Canceled"
"BID25652","2","0","2","5","Meal Plan 1","0","Room_Type 1","84","Online","0","0","0","82.45","0","3/29/2018","Not_Canceled"
"BID32845","3","0","0","2","Meal Plan 1","0","Room_Type 4","50","Online","0","0","0","159.3","2","43165","Not_Canceled"
"BID06961","2","0","2","0","Meal Plan 1","0","Room_Type 1","210","Online","0","0","0","96.3","2","7/31/2018","Canceled"
"BID02290","2","0","0","3","Meal Plan 1","0","Room_Type 4","14","Online","0","0","0","126","0","43285","Canceled"
"BID34005","2","0","2","3","Meal Plan 1","0","Room_Type 1","189","Online","0","0","0","90.95","1","7/30/2018","Not_Canceled"
"BID08364","2","0","0","3","Not Selected","0","Room_Type 1","85","Online","0","0","0","103.5","0","6/30/2018","Canceled"
"BID30252","2","0","2","1","Meal Plan 1","0","Room_Type 1","145","Offline","0","0","0","65","0","43160","Not_Canceled"
"BID15664","2","1","2","2","Meal Plan 1","0","Room_Type 1","100","Online","0","0","0","130.5","0","43166","Not_Canceled"
"BID07042","2","0","0","1","Not Selected","0","Room_Type 1","143","Online","0","0","0","103.5","1","8/13/2018","Not_Canceled"
"BID17295","2","0","0","3","Not Selected","0","Room_Type 1","18","Online","0","0","0","88","2","11/17/2018","Not_Canceled"
"BID16298","1","0","0","1","Not Selected","0","Room_Type 1","0","Online","0","0","0","105.34","1","5/24/2018","Not_Canceled"
"BID34110","2","0","2","3","Meal Plan 1","0","Room_Type 1","88","Online","0","0","0","77.35","1","3/20/2018","Not_Canceled"
"BID16943","2","0","2","5","Meal Plan 1","0","Room_Type 2","69","Online","0","0","0","92.43","0","12/29/2017","Not_Canceled"
"BID18937","2","0","0","4","Meal Plan 2","0","Room_Type 1","100","Offline","0","0","0","140","1","9/28/2018","Not_Canceled"
"BID27742","2","0","0","4","Meal Plan 1","0","Room_Type 1","98","Offline","0","0","0","75","0","12/21/2018","Not_Canceled"
"BID06084","2","0","0","1","Not Selected","0","Room_Type 1","4","Online","0","0","0","79","0","2/13/2018","Not_Canceled"
"BID27013","2","1","1","3","Meal Plan 1","0","Room_Type 1","194","Online","0","0","0","114.75","1","43320","Canceled"
"BID22222","2","0","2","2","Not Selected","0","Room_Type 1","9","Online","0","0","0","68.4","0","1/22/2018","Not_Canceled"
"BID04305","1","0","2","4","Meal Plan 1","0","Room_Type 4","45","Online","0","0","0","113.62","0","43377","Canceled"
"BID14503","2","1","1","2","Meal Plan 1","0","Room_Type 1","61","Online","0","0","0","109.8","1","43143","Not_Canceled"
"BID16015","2","0","0","5","Meal Plan 1","0","Room_Type 1","148","Online","0","0","0","79.2","1","7/19/2018","Not_Canceled"
"BID04669","2","0","2","1","Meal Plan 2","0","Room_Type 1","7","Offline","0","0","0","98.6","2","12/26/2017","Not_Canceled"
"BID01802","2","0","2","5","Meal Plan 2","0","Room_Type 1","277","Offline","0","0","0","89.14","1","43229","Not_Canceled"
"BID11280","2","0","2","1","Meal Plan 1","0","Room_Type 1","125","Online","0","0","0","114.3","1","43350","Not_Canceled"
"BID01508","2","0","0","2","Not Selected","0","Room_Type 1","23","Online","0","0","0","119","1","10/20/2018","Canceled"
"BID14376","2","0","0","1","Not Selected","0","Room_Type 1","119","Online","0","0","0","85.5","0","6/28/2018","Canceled"
"BID10361","1","0","0","2","Meal Plan 1","0","Room_Type 1","63","Offline","0","0","0","71","0","1/19/2018","Not_Canceled"
"BID22170","2","0","0","1","Meal Plan 1","0","Room_Type 1","4","Online","0","0","0","149","1","8/25/2018","Not_Canceled"
"BID35101","2","0","2","2","Meal Plan 1","0","Room_Type 4","104","Online","0","0","0","90.95","0","43316","Canceled"
"BID35884","2","0","0","2","Meal Plan 1","0","Room_Type 4","23","Online","0","0","0","129","1","4/19/2018","Not_Canceled"
"BID09091","2","0","1","1","Meal Plan 1","0","Room_Type 1","0","Corporate","1","0","1","75","0","43292","Not_Canceled"
"BID10443","2","0","2","2","Meal Plan 1","0","Room_Type 1","38","Online","0","0","0","88.4","2","11/19/2018","Not_Canceled"
"BID15420","2","0","0","4","Meal Plan 1","0","Room_Type 4","58","Offline","0","0","0","60","0","11/18/2017","Not_Canceled"
"BID16256","3","0","0","3","Meal Plan 1","0","Room_Type 4","89","Online","0","0","0","168.3","1","9/20/2018","Not_Canceled"
"BID35371","3","0","0","2","Meal Plan 1","0","Room_Type 4","3","Online","0","0","0","157","2","43379","Not_Canceled"
"BID17833","2","1","0","3","Meal Plan 1","0","Room_Type 1","40","Online","0","0","0","134.1","2","6/29/2018","Not_Canceled"
"BID21867","2","0","1","2","Not Selected","0","Room_Type 1","58","Online","0","0","0","116.1","1","43379","Not_Canceled"
"BID08008","2","0","0","3","Meal Plan 1","0","Room_Type 1","12","Corporate","0","0","0","65","0","42863","Not_Canceled"
"BID24248","2","0","1","2","Meal Plan 1","0","Room_Type 4","17","Online","0","0","0","102.15","0","5/30/2018","Canceled"
"BID32216","2","0","0","3","Meal Plan 1","0","Room_Type 1","279","Offline","0","0","0","110","0","43444","Canceled"
"BID05037","2","0","1","0","Meal Plan 1","0","Room_Type 4","131","Online","0","0","0","103.5","0","12/26/2018","Canceled"
"BID33007","2","0","2","5","Meal Plan 1","0","Room_Type 1","39","Online","0","0","0","97.4","1","11/15/2018","Not_Canceled"
"BID18314","2","0","2","5","Meal Plan 1","0","Room_Type 1","215","Online","0","0","0","177.09","0","43262","Canceled"
"BID13391","2","0","0","2","Meal Plan 2","0","Room_Type 1","320","Offline","0","0","0","115","1","8/18/2018","Canceled"
"BID26048","2","0","2","2","Meal Plan 1","0","Room_Type 1","18","Online","0","0","0","98.6","2","5/29/2018","Not_Canceled"
"BID23526","2","0","1","0","Not Selected","0","Room_Type 1","102","Online","0","0","0","108","1","43353","Canceled"
"BID05972","2","0","1","1","Meal Plan 1","0","Room_Type 1","33","Corporate","0","0","0","62","0","1/25/2018","Canceled"
"BID15333","3","0","2","1","Meal Plan 1","0","Room_Type 1","35","Online","0","0","0","101.41","2","4/17/2018","Not_Canceled"
"BID34208","2","0","1","1","Meal Plan 1","0","Room_Type 4","53","Online","0","0","0","123.3","2","43168","Not_Canceled"
"BID09132","2","0","0","3","Not Selected","0","Room_Type 1","29","Offline","0","0","0","64.8","0","3/23/2018","Not_Canceled"
"BID04315","1","0","0","3","Meal Plan 1","0","Room_Type 1","71","Offline","0","0","0","120","0","6/14/2018","Not_Canceled"
"BID24917","2","0","2","0","Meal Plan 1","1","Room_Type 1","53","Offline","0","0","0","94.5","0","9/18/2018","Not_Canceled"
"BID34705","1","0","0","1","Meal Plan 1","0","Room_Type 1","3","Online","0","0","0","130","2","10/13/2018","Not_Canceled"
"BID08607","2","0","1","3","Meal Plan 1","0","Room_Type 1","75","Offline","0","0","0","80","0","3/17/2018","Canceled"
"BID30168","3","0","1","1","Meal Plan 1","0","Room_Type 4","140","Online","0","0","0","128.7","3","43138","Not_Canceled"
"BID08023","2","0","1","2","Meal Plan 1","1","Room_Type 1","5","Online","0","0","0","160","0","43319","Not_Canceled"
"BID15755","1","0","1","3","Meal Plan 1","0","Room_Type 1","51","Online","0","0","0","90","0","43170","Canceled"
"BID05587","1","0","0","1","Meal Plan 1","0","Room_Type 1","46","Offline","0","0","0","59.32","0","43103","Not_Canceled"
"BID29066","3","0","0","3","Meal Plan 1","0","Room_Type 4","50","Online","0","0","0","150.3","2","6/30/2018","Not_Canceled"
"BID17191","1","0","0","2","Meal Plan 1","0","Room_Type 1","1","Corporate","0","0","0","65","0","8/18/2017","Not_Canceled"
"BID35249","2","0","2","0","Not Selected","0","Room_Type 1","47","Online","0","0","0","83.16","2","43141","Not_Canceled"
"BID17350","2","0","0","4","Meal Plan 1","0","Room_Type 1","39","Offline","0","0","0","75","0","43111","Not_Canceled"
"BID16089","2","0","2","3","Meal Plan 1","0","Room_Type 1","62","Offline","0","0","0","57","1","1/17/2018","Not_Canceled"
"BID12270","1","0","0","3","Meal Plan 1","0","Room_Type 1","166","Offline","0","0","0","110","0","43111","Canceled"
"BID09746","2","0","0","3","Meal Plan 2","0","Room_Type 1","85","Offline","0","0","0","125","0","9/30/2017","Not_Canceled"
"BID26813","1","0","2","0","Meal Plan 2","0","Room_Type 1","200","Offline","0","0","0","90","0","10/23/2018","Not_Canceled"
"BID20772","2","0","1","2","Not Selected","0","Room_Type 1","40","Online","0","0","0","135.33","1","43292","Not_Canceled"
"BID09269","2","0","0","1","Not Selected","0","Room_Type 1","0","Online","0","0","0","73.81","0","43139","Not_Canceled"
"BID25170","2","2","2","2","Meal Plan 1","0","Room_Type 2","25","Online","0","0","0","178.25","0","43101","Canceled"
"BID15585","2","0","0","2","Meal Plan 1","0","Room_Type 1","74","Online","0","0","0","93.6","0","43201","Canceled"
"BID03337","2","2","0","3","Meal Plan 1","0","Room_Type 1","176","Online","0","0","0","143.1","0","9/15/2018","Canceled"
"BID06923","3","0","0","4","Meal Plan 1","0","Room_Type 4","61","Online","0","0","0","159.3","1","43106","Canceled"
"BID20342","2","0","1","3","Not Selected","0","Room_Type 1","161","Offline","0","0","0","59.5","0","10/31/2018","Not_Canceled"
"BID00058","2","0","1","2","Meal Plan 1","0","Room_Type 1","117","Online","0","0","0","93.6","2","12/26/2018","Not_Canceled"
"BID03619","2","0","1","4","Meal Plan 1","0","Room_Type 4","88","Online","0","0","0","120.8","2","7/13/2018","Not_Canceled"
"BID15570","2","0","1","1","Meal Plan 2","0","Room_Type 1","301","Offline","0","0","0","115","1","7/30/2018","Canceled"
"BID24327","2","0","2","0","Not Selected","0","Room_Type 1","56","Online","0","0","0","90","0","4/17/2018","Canceled"
"BID13544","2","0","1","1","Meal Plan 1","0","Room_Type 1","3","Corporate","0","0","0","100","0","8/22/2018","Not_Canceled"
"BID29364","1","0","0","3","Meal Plan 1","0","Room_Type 1","166","Offline","0","0","0","110","0","43111","Canceled"
"BID29746","2","0","1","1","Not Selected","0","Room_Type 1","175","Online","0","0","0","85.5","1","7/23/2018","Not_Canceled"
"BID34152","2","1","0","1","Meal Plan 1","0","Room_Type 4","71","Online","0","0","0","152.1","0","8/19/2018","Canceled"
"BID11133","1","0","0","2","Meal Plan 1","0","Room_Type 1","188","Offline","0","0","0","130","0","6/15/2018","Canceled"
"BID13056","2","0","1","2","Meal Plan 2","0","Room_Type 1","2","Online","0","0","0","145.67","2","6/13/2018","Not_Canceled"
"BID26987","2","0","0","1","Meal Plan 1","0","Room_Type 1","4","Online","0","0","0","121.6","0","8/20/2018","Canceled"
"BID04144","3","0","2","5","Meal Plan 1","0","Room_Type 4","72","Online","0","0","0","126.64","0","10/31/2018","Canceled"
"BID04528","2","0","0","3","Meal Plan 1","0","Room_Type 1","20","Online","0","0","0","149","0","43200","Not_Canceled"
"BID14659","2","0","2","1","Meal Plan 1","0","Room_Type 1","59","Online","0","0","0","118.8","1","43141","Canceled"
"BID10804","2","0","2","1","Meal Plan 1","0","Room_Type 1","24","Corporate","0","0","0","50","0","42867","Not_Canceled"
"BID04075","1","0","0","2","Meal Plan 1","0","Room_Type 5","5","Corporate","1","0","12","106","0","43195","Not_Canceled"
"BID03073","1","0","0","4","Meal Plan 1","0","Room_Type 1","193","Offline","0","0","0","72.76","1","10/19/2018","Not_Canceled"
"BID17584","2","0","0","3","Meal Plan 1","0","Room_Type 1","150","Offline","0","0","0","96","0","6/16/2018","Canceled"
"BID12145","3","0","0","2","Meal Plan 1","0","Room_Type 4","84","Online","0","0","0","177.3","2","43352","Not_Canceled"
"BID15593","1","0","2","2","Meal Plan 1","0","Room_Type 1","163","Offline","0","0","0","100","0","43226","Canceled"
"BID17941","2","0","1","2","Meal Plan 1","0","Room_Type 1","106","Online","0","0","0","90","2","43201","Canceled"
"BID12059","3","0","1","3","Meal Plan 1","0","Room_Type 1","77","Offline","0","0","0","105.4","1","5/16/2018","Not_Canceled"
"BID16383","2","0","2","0","Meal Plan 2","0","Room_Type 1","386","Offline","0","0","0","115","1","10/23/2018","Canceled"
"BID24368","2","0","0","3","Meal Plan 1","0","Room_Type 1","104","Offline","0","0","0","75","0","42806","Not_Canceled"
"BID19302","1","0","0","3","Meal Plan 1","0","Room_Type 1","37","Offline","0","0","0","95","0","10/13/2018","Not_Canceled"
"BID25342","2","1","1","1","Meal Plan 1","0","Room_Type 1","7","Online","0","0","0","143","1","4/16/2018","Not_Canceled"
"BID04286","2","0","1","1","Not Selected","0","Room_Type 1","15","Online","0","0","0","76.5","0","1/23/2018","Not_Canceled"
"BID22389","1","0","0","1","Meal Plan 1","0","Room_Type 1","8","Corporate","1","0","7","65","0","4/20/2018","Not_Canceled"
"BID21779","1","0","1","0","Meal Plan 1","0","Room_Type 1","7","Online","0","0","0","91","2","11/16/2017","Not_Canceled"
"BID10516","3","0","2","5","Meal Plan 1","0","Room_Type 1","165","Online","0","0","0","137.34","0","8/13/2018","Canceled"
"BID36224","2","0","0","3","Meal Plan 1","0","Room_Type 1","193","Online","0","0","0","93.09","1","9/29/2018","Canceled"
"BID02083","1","0","3","7","Meal Plan 1","0","Room_Type 4","17","Online","0","0","0","107.7","1","2/19/2018","Canceled"
"BID03375","2","1","0","3","Meal Plan 2","0","Room_Type 1","150","Offline","0","0","0","90","2","6/16/2018","Not_Canceled"
"BID13051","2","0","0","3","Meal Plan 1","0","Room_Type 4","39","Online","0","0","0","140.4","1","5/17/2018","Not_Canceled"
"BID23013","3","0","1","3","Meal Plan 1","0","Room_Type 7","39","Online","0","0","0","242.77","1","10/17/2018","Not_Canceled"
"BID27780","1","1","1","1","Meal Plan 2","0","Room_Type 1","131","Online","0","0","0","164.25","0","7/25/2018","Canceled"
"BID33679","2","0","1","1","Meal Plan 1","0","Room_Type 1","20","Online","0","0","0","74.8","1","43314","Not_Canceled"
"BID13082","2","0","0","2","Meal Plan 1","0","Room_Type 1","263","Offline","0","0","0","110","0","10/21/2018","Canceled"
"BID09298","2","0","0","2","Meal Plan 2","0","Room_Type 1","320","Offline","0","0","0","115","1","8/18/2018","Canceled"
"BID23087","2","0","2","3","Meal Plan 1","0","Room_Type 1","17","Online","0","0","0","114.4","2","43017","Not_Canceled"
"BID33856","1","0","0","2","Meal Plan 2","0","Room_Type 1","74","Offline","0","0","0","87","0","9/18/2017","Not_Canceled"
"BID17328","1","0","0","2","Meal Plan 1","0","Room_Type 5","15","Corporate","0","0","0","86","0","43222","Not_Canceled"
"BID32073","2","0","1","1","Meal Plan 1","0","Room_Type 1","180","Offline","0","0","0","100","1","43136","Not_Canceled"
"BID15181","1","0","2","2","Not Selected","0","Room_Type 1","207","Online","0","0","0","85.5","0","10/28/2018","Canceled"
"BID03710","2","0","0","3","Meal Plan 1","0","Room_Type 2","41","Online","0","0","0","72.37","0","2/18/2018","Not_Canceled"
"BID20379","2","0","0","2","Meal Plan 1","0","Room_Type 4","18","Online","0","0","0","154","0","11/30/2018","Not_Canceled"
"BID10141","2","0","0","3","Meal Plan 1","0","Room_Type 1","58","Offline","0","0","0","63","0","3/17/2018","Not_Canceled"
"BID24136","2","0","0","3","Meal Plan 1","0","Room_Type 4","303","Online","0","0","0","91.8","0","12/27/2018","Canceled"
"BID08476","1","0","1","0","Meal Plan 1","0","Room_Type 1","1","Online","0","0","0","80","0","1/18/2018","Not_Canceled"
"BID31651","3","0","0","2","Meal Plan 1","0","Room_Type 4","17","Online","0","0","0","177","0","6/16/2018","Canceled"
"BID11730","2","0","1","2","Meal Plan 1","0","Room_Type 1","87","Online","0","0","0","89.25","1","9/18/2017","Not_Canceled"
"BID10167","2","0","0","2","Meal Plan 2","0","Room_Type 1","346","Offline","0","0","0","115","1","9/13/2018","Canceled"
"BID02250","2","0","1","2","Meal Plan 1","0","Room_Type 1","40","Online","0","0","0","73.9","1","1/22/2018","Not_Canceled"
"BID34619","2","1","1","0","Meal Plan 1","0","Room_Type 1","62","Online","0","0","0","152.1","0","8/21/2018","Canceled"
"BID12955","2","0","2","5","Not Selected","0","Room_Type 1","17","Online","0","0","0","92.91","3","12/29/2018","Not_Canceled"
"BID14315","2","0","1","1","Meal Plan 1","0","Room_Type 1","77","Online","0","0","0","96.3","1","4/25/2018","Not_Canceled"
"BID14224","1","0","0","1","Meal Plan 1","0","Room_Type 1","15","Offline","0","0","0","60","0","12/27/2018","Not_Canceled"
"BID02965","0","2","1","0","Meal Plan 1","0","Room_Type 2","197","Online","0","0","0","86.5","0","7/17/2018","Canceled"
"BID27134","2","0","1","1","Meal Plan 1","0","Room_Type 1","159","Offline","0","0","0","70","1","43347","Not_Canceled"
"BID23149","2","0","2","3","Meal Plan 1","0","Room_Type 4","45","Online","0","0","0","96.9","2","11/24/2018","Not_Canceled"
"BID18844","2","0","0","2","Meal Plan 1","0","Room_Type 1","101","Online","0","0","0","90","2","11/18/2018","Canceled"
"BID21594","2","0","1","3","Meal Plan 1","0","Room_Type 1","1","Offline","0","0","0","176","0","9/22/2018","Not_Canceled"
"BID35368","2","0","1","2","Meal Plan 1","0","Room_Type 1","133","Online","0","0","0","99.3","1","4/29/2018","Not_Canceled"
"BID21179","1","0","1","2","Not Selected","0","Room_Type 1","3","Online","0","0","0","79.5","0","12/19/2018","Not_Canceled"
"BID16245","3","0","0","3","Meal Plan 2","0","Room_Type 4","11","Offline","0","0","0","161.8","1","2/24/2018","Not_Canceled"
"BID30370","1","1","0","1","Meal Plan 1","0","Room_Type 1","5","Offline","0","0","0","60","1","42775","Not_Canceled"
"BID12831","2","0","2","3","Meal Plan 2","0","Room_Type 1","66","Online","0","0","0","150.22","0","43262","Canceled"
"BID24120","2","0","0","3","Meal Plan 1","1","Room_Type 2","104","Online","0","0","0","67.9","2","43047","Not_Canceled"
"BID22935","1","0","0","1","Meal Plan 1","0","Room_Type 1","1","Complementary","0","0","0","0","0","9/24/2017","Not_Canceled"
"BID18350","2","0","2","2","Not Selected","0","Room_Type 1","95","Online","0","0","0","109.65","0","5/21/2018","Canceled"
"BID17864","3","0","1","1","Meal Plan 1","0","Room_Type 4","7","Online","0","0","0","182","2","3/26/2018","Not_Canceled"
"BID31157","2","0","0","1","Meal Plan 2","0","Room_Type 1","219","Offline","0","0","0","108","0","42834","Canceled"
"BID00187","2","0","1","3","Meal Plan 1","0","Room_Type 1","189","Offline","0","0","0","72.25","0","43320","Not_Canceled"
"BID13260","2","0","2","2","Meal Plan 1","0","Room_Type 4","22","Online","0","0","0","80.8","0","43436","Canceled"
"BID16455","2","0","0","2","Meal Plan 2","0","Room_Type 1","102","Offline","0","0","0","109","0","10/16/2017","Not_Canceled"
"BID01954","1","0","0","1","Meal Plan 1","0","Room_Type 1","21","Corporate","0","0","0","84","0","43227","Not_Canceled"
"BID14843","2","0","0","2","Meal Plan 2","0","Room_Type 1","102","Offline","0","0","0","101.5","0","10/16/2017","Canceled"
"BID25071","2","0","0","3","Meal Plan 1","0","Room_Type 1","49","Offline","0","0","0","75","1","11/15/2018","Not_Canceled"
"BID10847","2","1","0","1","Meal Plan 1","0","Room_Type 1","5","Online","0","0","0","93","0","2/27/2018","Not_Canceled"
"BID34196","2","0","2","2","Meal Plan 1","0","Room_Type 1","109","Online","0","0","0","82.45","1","43163","Not_Canceled"
"BID29994","2","0","2","2","Not Selected","0","Room_Type 1","91","Online","0","0","0","52.02","0","43104","Not_Canceled"
"BID00552","2","0","0","1","Meal Plan 1","0","Room_Type 1","18","Offline","0","0","0","54","0","43132","Not_Canceled"
"BID00199","2","0","0","4","Meal Plan 1","0","Room_Type 1","127","Offline","0","0","0","61.5","2","3/23/2018","Not_Canceled"
"BID27572","2","0","0","2","Meal Plan 2","0","Room_Type 1","377","Offline","0","0","0","115","1","10/14/2018","Canceled"
"BID34836","3","0","0","1","Meal Plan 1","0","Room_Type 4","13","Online","0","0","0","177","0","43379","Not_Canceled"
"BID25126","1","0","0","1","Meal Plan 1","0","Room_Type 1","4","Complementary","1","0","28","0","4","43227","Not_Canceled"
"BID24230","2","0","1","2","Meal Plan 1","0","Room_Type 4","58","Online","0","0","0","137.4","0","43165","Canceled"
"BID35111","2","0","1","2","Meal Plan 1","0","Room_Type 1","42","Online","0","0","0","71.6","0","43436","Not_Canceled"
"BID23762","1","0","0","3","Meal Plan 1","0","Room_Type 1","166","Offline","0","0","0","110","0","43111","Canceled"
"BID29010","1","0","0","1","Not Selected","0","Room_Type 1","21","Online","0","0","0","123.2","1","43384","Not_Canceled"
"BID05909","2","0","2","2","Meal Plan 1","0","Room_Type 1","174","Online","0","0","0","119.85","1","43140","Canceled"
"BID20483","2","0","1","2","Meal Plan 1","0","Room_Type 1","51","Online","0","0","0","109.8","1","8/29/2018","Canceled"
"BID26734","1","0","0","3","Meal Plan 1","0","Room_Type 1","15","Offline","0","0","0","86","0","2/18/2018","Not_Canceled"
"BID14874","2","0","0","3","Not Selected","0","Room_Type 1","260","Online","0","0","0","113.4","0","9/22/2018","Canceled"
"BID14872","2","0","0","2","Meal Plan 1","0","Room_Type 1","119","Online","0","0","0","76.5","0","42863","Not_Canceled"
"BID20289","2","0","1","3","Meal Plan 1","0","Room_Type 1","192","Online","0","0","0","99.45","0","43198","Canceled"
"BID02572","2","0","1","1","Meal Plan 1","0","Room_Type 1","80","Online","0","0","0","131.4","2","8/27/2018","Not_Canceled"
"BID09896","2","0","0","1","Not Selected","0","Room_Type 1","21","Online","0","0","0","118","1","43290","Not_Canceled"
"BID31845","2","0","0","1","Meal Plan 1","0","Room_Type 1","0","Online","0","0","0","72.8","0","1/14/2018","Not_Canceled"
"BID06832","2","0","0","1","Meal Plan 1","0","Room_Type 1","24","Online","0","0","0","101","1","6/23/2018","Not_Canceled"
"BID03964","2","0","1","2","Meal Plan 1","0","Room_Type 1","418","Online","0","0","0","75","0","9/26/2018","Canceled"
"BID01613","2","0","0","1","Not Selected","0","Room_Type 1","67","Online","0","0","0","89.1","2","10/28/2018","Not_Canceled"
"BID32344","2","0","0","3","Not Selected","0","Room_Type 1","44","Online","0","0","0","99","0","8/30/2018","Canceled"
"BID20584","1","0","2","2","Meal Plan 1","0","Room_Type 1","54","Offline","0","0","0","66.5","0","10/16/2018","Not_Canceled"
"BID25220","0","2","0","2","Meal Plan 1","0","Room_Type 2","12","Online","0","0","0","77.25","1","12/24/2017","Not_Canceled"
"BID09289","2","2","1","2","Meal Plan 1","0","Room_Type 6","36","Online","0","0","0","160.5","0","2/26/2018","Canceled"
"BID34401","2","0","2","4","Meal Plan 1","0","Room_Type 1","76","Online","0","0","0","69.12","0","3/24/2018","Not_Canceled"
"BID25152","2","0","2","2","Not Selected","0","Room_Type 1","158","Online","0","0","0","89.25","0","7/24/2018","Canceled"
"BID08879","2","0","1","2","Meal Plan 1","0","Room_Type 1","224","Offline","0","0","0","65","0","42776","Not_Canceled"
"BID08586","1","0","1","2","Meal Plan 1","0","Room_Type 1","219","Offline","0","0","0","76.67","0","42834","Not_Canceled"
"BID32238","3","0","2","1","Meal Plan 1","0","Room_Type 1","111","Offline","0","0","0","96.9","0","7/24/2018","Canceled"
"BID08509","1","0","2","4","Meal Plan 1","0","Room_Type 1","69","Offline","0","0","0","120","0","43440","Canceled"
"BID19013","2","0","2","1","Meal Plan 1","0","Room_Type 4","61","Offline","0","0","0","90.95","1","43440","Not_Canceled"
"BID07969","1","0","0","1","Meal Plan 1","0","Room_Type 1","1","Corporate","1","0","4","89","1","4/27/2018","Not_Canceled"
"BID10387","2","0","0","1","Meal Plan 2","0","Room_Type 1","170","Offline","0","0","0","96.9","2","43078","Not_Canceled"
"BID23854","2","0","2","2","Meal Plan 1","0","Room_Type 1","47","Online","0","0","0","93.6","2","12/17/2018","Not_Canceled"
"BID07251","2","0","0","2","Not Selected","0","Room_Type 1","11","Online","0","0","0","102.41","1","8/16/2018","Not_Canceled"
"BID10856","2","0","0","1","Not Selected","0","Room_Type 1","184","Online","0","0","0","98.1","0","43444","Canceled"
"BID35771","2","0","0","2","Meal Plan 2","0","Room_Type 1","102","Offline","0","0","0","101.5","0","10/16/2017","Canceled"
"BID28634","2","0","0","3","Not Selected","0","Room_Type 1","126","Online","0","0","0","118.8","0","43321","Canceled"
"BID05138","2","0","1","2","Meal Plan 1","0","Room_Type 1","243","Online","0","0","0","106.2","2","43352","Canceled"
"BID27833","2","0","2","4","Meal Plan 1","0","Room_Type 4","12","Online","0","0","0","118.67","0","12/30/2017","Not_Canceled"
"BID27189","2","0","2","2","Meal Plan 1","0","Room_Type 1","12","Online","0","0","0","86.4","3","43415","Not_Canceled"
"BID22595","2","0","1","2","Not Selected","0","Room_Type 1","207","Online","0","0","0","85.5","1","43228","Not_Canceled"
"BID00221","1","0","0","2","Not Selected","0","Room_Type 1","0","Online","0","0","0","109","1","43318","Not_Canceled"
"BID04629","3","0","2","3","Meal Plan 2","0","Room_Type 1","28","Offline","0","0","0","194.8","0","8/13/2018","Not_Canceled"
"BID20110","2","0","2","2","Meal Plan 1","0","Room_Type 1","134","Offline","0","0","0","65","0","42837","Not_Canceled"
"BID17970","3","0","0","2","Meal Plan 1","0","Room_Type 4","9","Online","0","0","0","157","0","43318","Not_Canceled"
"BID33586","2","0","2","1","Meal Plan 1","0","Room_Type 1","202","Offline","0","0","0","90","0","5/29/2018","Canceled"
"BID00743","2","0","2","4","Meal Plan 1","0","Room_Type 1","23","Offline","0","0","0","68","0","3/17/2018","Not_Canceled"
"BID06957","3","0","0","2","Meal Plan 1","0","Room_Type 1","1","Online","0","0","0","179","1","6/14/2018","Not_Canceled"
"BID09803","2","0","0","3","Meal Plan 1","0","Room_Type 4","35","Online","0","0","0","136.2","2","43349","Not_Canceled"
"BID09525","2","0","2","4","Meal Plan 1","0","Room_Type 4","10","Online","0","0","0","110.08","1","42864","Not_Canceled"
"BID34922","3","0","1","3","Meal Plan 1","0","Room_Type 4","93","Online","0","0","0","143.23","0","6/20/2018","Canceled"
"BID02298","3","0","1","5","Meal Plan 1","1","Room_Type 4","110","Online","0","0","0","148.2","1","43108","Not_Canceled"
"BID10506","1","0","0","5","Not Selected","0","Room_Type 1","22","Online","0","0","0","48.5","1","11/15/2018","Not_Canceled"
"BID01810","2","0","1","2","Not Selected","0","Room_Type 1","16","Online","0","0","0","85.78","2","43143","Not_Canceled"
"BID29872","2","0","1","4","Meal Plan 1","1","Room_Type 1","2","Offline","0","0","0","83.8","0","43375","Not_Canceled"
"BID06708","1","0","0","1","Meal Plan 1","0","Room_Type 1","4","Online","0","0","0","91","2","11/17/2017","Not_Canceled"
"BID35765","1","0","0","1","Not Selected","0","Room_Type 1","2","Online","0","0","0","89","0","43316","Not_Canceled"
"BID10273","1","0","1","1","Meal Plan 1","0","Room_Type 1","32","Offline","0","0","0","85","0","7/18/2018","Not_Canceled"
"BID28652","2","0","0","2","Not Selected","0","Room_Type 1","70","Online","0","0","0","97.2","2","10/18/2018","Not_Canceled"
"BID18413","2","0","0","2","Not Selected","0","Room_Type 1","44","Online","0","0","0","89.1","0","6/22/2018","Canceled"
"BID11464","2","0","1","2","Meal Plan 1","0","Room_Type 1","83","Online","0","0","0","84.9","1","43194","Not_Canceled"
"BID06218","2","0","1","2","Meal Plan 1","0","Room_Type 1","233","Online","0","0","0","90","0","10/14/2018","Canceled"
"BID24680","2","1","2","2","Meal Plan 1","0","Room_Type 1","45","Online","0","0","0","162.79","2","43413","Not_Canceled"
"BID16941","2","0","2","0","Meal Plan 1","0","Room_Type 1","61","Offline","0","0","0","91","0","42835","Not_Canceled"
"BID19827","2","0","2","1","Meal Plan 1","0","Room_Type 1","104","Offline","0","0","0","80.75","0","9/18/2018","Not_Canceled"
"BID35204","1","0","0","1","Meal Plan 1","0","Room_Type 1","2","Online","0","0","0","85","1","6/14/2018","Not_Canceled"
"BID25722","2","0","0","2","Meal Plan 1","0","Room_Type 1","86","Offline","0","0","0","105","0","9/24/2017","Not_Canceled"
"BID03096","2","0","2","3","Not Selected","0","Room_Type 1","223","Online","0","0","0","73.96","0","9/30/2018","Canceled"
"BID20630","2","0","2","5","Meal Plan 1","0","Room_Type 4","238","Online","0","0","0","132.6","1","43200","Canceled"
"BID03681","1","0","0","1","Meal Plan 1","0","Room_Type 1","25","Offline","0","0","0","65","0","12/27/2018","Not_Canceled"
"BID19694","2","0","1","3","Meal Plan 1","0","Room_Type 4","136","Online","0","0","0","107.95","0","5/16/2018","Not_Canceled"
"BID19187","2","0","0","1","Meal Plan 1","0","Room_Type 1","0","Corporate","0","0","0","73","1","11/30/2018","Not_Canceled"
"BID22244","3","0","3","6","Meal Plan 1","0","Room_Type 4","38","Online","0","0","0","159.6","0","8/22/2018","Not_Canceled"
"BID21597","2","0","0","2","Meal Plan 1","1","Room_Type 1","30","Offline","0","0","0","81","0","11/25/2018","Not_Canceled"
"BID26490","2","2","0","1","Meal Plan 1","0","Room_Type 6","173","Online","0","0","0","177.3","2","43319","Canceled"
"BID05864","2","0","2","2","Meal Plan 1","0","Room_Type 1","204","Offline","0","0","0","72.75","0","42988","Not_Canceled"
"BID30300","1","0","0","1","Meal Plan 1","1","Room_Type 1","1","Online","0","0","0","104","2","43134","Not_Canceled"
"BID13733","1","2","2","3","Meal Plan 1","0","Room_Type 4","12","Online","0","0","0","97.1","1","43283","Not_Canceled"
"BID25635","2","0","1","2","Meal Plan 1","0","Room_Type 1","74","Offline","0","0","0","58","0","2/15/2018","Not_Canceled"
"BID05546","2","0","0","2","Meal Plan 1","0","Room_Type 1","27","Offline","0","0","0","108","0","9/30/2017","Not_Canceled"
"BID14169","2","0","2","1","Meal Plan 2","0","Room_Type 1","117","Offline","0","0","0","94.5","0","42743","Canceled"
"BID15888","2","0","2","5","Meal Plan 1","0","Room_Type 4","85","Online","0","0","0","97.02","2","43285","Not_Canceled"
"BID31796","2","0","2","0","Meal Plan 2","0","Room_Type 1","275","Offline","0","0","0","110","0","4/17/2018","Canceled"
"BID25944","2","0","1","0","Meal Plan 1","0","Room_Type 1","13","Offline","0","0","0","85","1","3/20/2018","Not_Canceled"
"BID19571","2","0","2","4","Meal Plan 1","0","Room_Type 1","35","Online","0","0","0","166.58","2","9/26/2017","Not_Canceled"
"BID28197","2","0","0","3","Meal Plan 1","0","Room_Type 1","148","Online","0","0","0","114.3","1","43351","Not_Canceled"
"BID30948","2","0","2","1","Meal Plan 1","0","Room_Type 4","4","Offline","1","0","1","12","2","43171","Not_Canceled"
"BID15362","1","0","1","1","Meal Plan 1","0","Room_Type 1","118","Offline","0","0","0","110","0","43257","Not_Canceled"
"BID13831","2","0","0","3","Meal Plan 1","0","Room_Type 4","62","Online","0","0","0","111.6","1","10/25/2018","Not_Canceled"
"BID06155","1","0","0","1","Meal Plan 2","0","Room_Type 1","55","Online","0","0","0","0","0","43255","Not_Canceled"
"BID26650","2","0","2","1","Meal Plan 2","0","Room_Type 1","110","Offline","0","0","0","94.5","0","7/25/2017","Canceled"
"BID31775","2","0","0","1","Meal Plan 1","0","Room_Type 1","92","Offline","0","0","0","90","0","43415","Not_Canceled"
"BID12505","2","1","1","1","Meal Plan 1","0","Room_Type 1","35","Online","0","0","0","133.2","1","9/26/2018","Canceled"
"BID13913","2","0","0","4","Meal Plan 1","0","Room_Type 4","189","Online","0","0","0","112.2","2","8/16/2018","Canceled"
"BID19183","1","0","0","2","Meal Plan 1","0","Room_Type 1","5","Corporate","0","0","0","80","0","2/24/2018","Not_Canceled"
"BID27437","1","0","0","2","Meal Plan 1","0","Room_Type 1","30","Online","0","0","0","88.4","0","43193","Not_Canceled"
"BID26236","1","0","0","1","Meal Plan 1","0","Room_Type 1","47","Online","0","0","0","99.9","0","43438","Canceled"
"BID04735","2","2","0","1","Meal Plan 1","0","Room_Type 2","4","Online","0","0","0","263.55","0","6/16/2018","Canceled"
"BID15563","1","0","1","0","Meal Plan 1","0","Room_Type 4","20","Online","0","0","0","100.1","1","43262","Not_Canceled"
"BID21352","2","0","1","1","Meal Plan 1","0","Room_Type 1","155","Online","0","0","0","96.3","1","6/27/2018","Not_Canceled"
"BID26099","2","0","2","1","Meal Plan 2","0","Room_Type 1","5","Offline","0","0","0","94.5","0","8/15/2017","Not_Canceled"
"BID05087","2","0","2","1","Meal Plan 2","0","Room_Type 1","5","Offline","0","0","0","94.5","0","8/15/2017","Not_Canceled"
"BID31608","1","1","1","1","Meal Plan 1","0","Room_Type 1","61","Online","0","0","0","121.5","0","7/23/2018","Canceled"
"BID13594","2","0","0","2","Not Selected","0","Room_Type 1","98","Online","0","0","0","79.2","1","43143","Not_Canceled"
"BID03261","1","0","1","5","Meal Plan 1","0","Room_Type 4","15","Online","0","0","0","96.9","2","11/14/2018","Not_Canceled"
"BID11789","1","0","1","1","Meal Plan 1","0","Room_Type 1","60","Offline","0","0","0","60","0","43079","Not_Canceled"
"BID14663","2","0","0","3","Meal Plan 1","0","Room_Type 2","86","Online","0","0","0","97.54","1","7/26/2018","Not_Canceled"
"BID02977","2","0","1","1","Meal Plan 1","0","Room_Type 1","20","Online","0","0","0","109","1","3/19/2018","Not_Canceled"
"BID23323","3","0","2","3","Meal Plan 1","0","Room_Type 4","170","Online","0","0","0","130.05","2","43412","Canceled"
"BID02417","2","0","1","0","Not Selected","0","Room_Type 1","0","Online","0","0","0","88","1","43232","Not_Canceled"
"BID14824","1","0","0","3","Meal Plan 1","0","Room_Type 1","54","Offline","0","0","0","62.67","0","12/31/2017","Not_Canceled"
"BID18980","2","0","2","3","Meal Plan 1","0","Room_Type 4","117","Online","0","0","0","122.94","1","10/29/2018","Not_Canceled"
"BID26002","2","0","0","3","Meal Plan 1","0","Room_Type 1","64","Offline","0","0","0","101.52","0","9/28/2018","Not_Canceled"
"BID08441","2","0","1","2","Meal Plan 1","0","Room_Type 1","418","Offline","0","0","0","75","0","9/26/2018","Canceled"
"BID19822","2","0","2","2","Meal Plan 1","0","Room_Type 1","117","Online","0","0","0","95.2","1","4/29/2018","Not_Canceled"
"BID13236","1","0","0","1","Meal Plan 1","0","Room_Type 1","147","Online","0","0","0","85.5","2","10/27/2018","Canceled"
"BID15980","2","0","2","1","Not Selected","0","Room_Type 1","121","Online","0","0","0","91.5","0","4/30/2018","Not_Canceled"
"BID24183","1","0","2","1","Meal Plan 1","0","Room_Type 1","72","Online","0","0","0","87.3","0","43163","Canceled"
"BID31233","3","0","1","1","Meal Plan 1","0","Room_Type 4","1","Online","0","0","0","167","3","43196","Not_Canceled"
"BID08519","2","0","2","5","Meal Plan 1","0","Room_Type 4","138","Online","0","0","0","117.91","1","5/21/2018","Canceled"
"BID01109","3","0","1","2","Meal Plan 1","0","Room_Type 1","161","Offline","0","0","0","96.9","1","7/15/2018","Not_Canceled"
"BID29669","2","0","0","3","Meal Plan 2","0","Room_Type 1","36","Offline","0","0","0","112","0","10/13/2017","Not_Canceled"
"BID23154","2","0","2","1","Meal Plan 1","0","Room_Type 4","21","Online","0","0","0","112.67","0","2/27/2018","Canceled"
"BID07279","2","0","0","2","Meal Plan 1","0","Room_Type 1","27","Offline","0","0","0","108","0","9/30/2017","Not_Canceled"
"BID12141","2","0","0","1","Meal Plan 1","0","Room_Type 1","221","Offline","0","0","0","80","0","43442","Canceled"
"BID27253","1","0","0","4","Meal Plan 2","1","Room_Type 1","58","Offline","0","0","0","56.6","0","12/23/2017","Not_Canceled"
"BID19950","1","0","1","3","Meal Plan 1","0","Room_Type 4","103","Online","0","0","0","95.88","1","43225","Not_Canceled"
"BID19761","2","0","0","3","Meal Plan 1","0","Room_Type 1","104","Offline","0","0","0","75","0","42806","Not_Canceled"
"BID27315","2","0","0","3","Not Selected","0","Room_Type 1","122","Online","0","0","0","94.5","0","5/17/2018","Not_Canceled"
"BID05970","1","0","2","4","Meal Plan 1","0","Room_Type 1","11","Online","0","0","0","106.35","1","43231","Not_Canceled"
"BID29639","2","0","0","1","Meal Plan 1","0","Room_Type 1","15","Offline","0","0","0","95","1","6/15/2018","Not_Canceled"
"BID26493","2","0","1","3","Not Selected","0","Room_Type 1","41","Online","0","0","0","116.1","0","43348","Canceled"
"BID23216","2","0","0","2","Meal Plan 1","0","Room_Type 1","308","Offline","0","0","0","52","0","11/25/2018","Canceled"
"BID12740","2","0","1","2","Meal Plan 1","0","Room_Type 1","3","Offline","0","0","0","80","0","42989","Not_Canceled"
"BID00306","3","0","2","1","Meal Plan 1","0","Room_Type 4","19","Online","0","0","0","130","1","2/20/2018","Not_Canceled"
"BID00724","2","0","0","2","Meal Plan 2","0","Room_Type 1","63","Offline","0","0","0","116","0","42834","Not_Canceled"
"BID32663","2","0","0","1","Not Selected","0","Room_Type 1","244","Online","0","0","0","85.5","1","43168","Canceled"
"BID06662","2","0","2","5","Meal Plan 1","0","Room_Type 1","14","Online","0","0","0","132","2","9/15/2017","Not_Canceled"
"BID28358","2","0","0","2","Meal Plan 1","0","Room_Type 4","142","Online","0","0","0","109.8","0","8/26/2018","Canceled"
"BID33851","1","0","0","2","Meal Plan 1","0","Room_Type 1","14","Offline","0","0","0","100","0","10/15/2017","Not_Canceled"
"BID02647","1","0","1","0","Meal Plan 1","0","Room_Type 1","5","Corporate","1","0","1","65","0","42958","Not_Canceled"
"BID12109","2","0","1","2","Meal Plan 1","0","Room_Type 1","5","Offline","0","0","0","90","0","10/19/2017","Not_Canceled"
"BID05309","2","0","1","3","Meal Plan 1","0","Room_Type 4","64","Online","0","0","0","110.08","0","4/18/2018","Canceled"
"BID07771","2","0","1","2","Meal Plan 1","0","Room_Type 1","51","Online","0","0","0","132.9","1","7/18/2018","Not_Canceled"
"BID35833","1","0","0","3","Meal Plan 1","0","Room_Type 4","5","Online","0","0","0","126","1","4/20/2018","Not_Canceled"
"BID34046","1","0","0","2","Meal Plan 1","0","Room_Type 1","5","Corporate","1","0","3","65","0","11/18/2017","Not_Canceled"
"BID18308","1","0","2","1","Meal Plan 1","0","Room_Type 1","2","Corporate","1","3","37","65","0","43380","Not_Canceled"
"BID12818","2","2","0","3","Meal Plan 1","0","Room_Type 6","55","Online","0","0","0","190.8","0","43261","Canceled"
"BID00099","2","0","0","3","Meal Plan 1","0","Room_Type 1","30","Online","0","0","0","76.08","1","11/17/2018","Not_Canceled"
"BID33303","2","0","0","1","Meal Plan 1","0","Room_Type 1","14","Online","0","0","0","105","2","42744","Not_Canceled"
"BID31070","2","0","2","1","Meal Plan 1","0","Room_Type 4","47","Offline","0","0","0","60","0","11/14/2017","Not_Canceled"
"BID29859","2","2","0","1","Meal Plan 1","0","Room_Type 6","153","Online","0","0","0","186.3","0","8/19/2018","Canceled"
"BID13244","2","0","0","5","Meal Plan 2","0","Room_Type 1","1","Offline","0","0","0","120","0","43438","Not_Canceled"
"BID08486","2","0","0","2","Meal Plan 1","0","Room_Type 1","146","Online","0","0","0","106.2","1","43165","Not_Canceled"
"BID32968","3","0","0","3","Meal Plan 1","0","Room_Type 4","164","Offline","0","0","0","115.6","0","8/30/2018","Canceled"
"BID08254","1","0","2","2","Not Selected","0","Room_Type 1","28","Online","0","0","0","132.05","0","43166","Canceled"
"BID22135","2","0","0","2","Meal Plan 1","1","Room_Type 2","259","Online","0","0","0","95.85","2","7/22/2018","Canceled"
"BID16562","1","0","0","4","Meal Plan 1","0","Room_Type 1","270","Offline","0","0","0","70","0","4/20/2018","Not_Canceled"
"BID15092","2","0","0","1","Meal Plan 2","0","Room_Type 1","41","Offline","0","0","0","110","0","42834","Not_Canceled"
"BID24201","1","0","0","1","Meal Plan 1","0","Room_Type 1","0","Offline","0","0","0","60","0","43103","Not_Canceled"
"BID31452","2","0","1","4","Meal Plan 1","1","Room_Type 1","191","Online","0","0","0","101.75","0","7/25/2018","Canceled"
"BID19567","2","0","0","1","Meal Plan 1","0","Room_Type 1","0","Complementary","0","0","0","0","1","3/22/2018","Not_Canceled"
"BID08466","3","0","0","3","Meal Plan 1","0","Room_Type 4","56","Online","0","0","0","123.3","1","3/29/2018","Canceled"
"BID14769","1","0","1","0","Meal Plan 1","0","Room_Type 1","3","Corporate","1","0","1","65","0","9/19/2018","Not_Canceled"
"BID13181","2","0","2","0","Not Selected","0","Room_Type 1","36","Offline","0","0","0","92.88","0","5/22/2018","Canceled"
"BID23662","2","0","2","0","Meal Plan 1","0","Room_Type 4","52","Online","0","0","0","149.4","1","7/31/2018","Not_Canceled"
"BID21633","3","0","1","0","Meal Plan 1","0","Room_Type 4","2","Online","0","0","0","256","1","8/15/2018","Canceled"
"BID02126","2","0","1","2","Not Selected","0","Room_Type 2","112","Online","0","0","0","58.9","0","3/21/2018","Not_Canceled"
"BID11153","2","0","0","4","Meal Plan 1","0","Room_Type 1","224","Online","0","0","0","119.85","1","9/14/2018","Canceled"
"BID02080","2","2","0","4","Meal Plan 1","0","Room_Type 5","111","Online","0","0","0","122.1","1","43195","Not_Canceled"
"BID12393","2","0","2","2","Not Selected","0","Room_Type 1","11","Online","0","0","0","76.29","0","43143","Not_Canceled"
"BID06535","2","0","2","2","Meal Plan 1","0","Room_Type 1","155","Online","0","0","0","85","1","11/25/2018","Canceled"
"BID11604","2","0","1","2","Meal Plan 1","0","Room_Type 1","198","Offline","0","0","0","90","0","43352","Canceled"
"BID27842","1","0","0","1","Meal Plan 1","0","Room_Type 1","55","Corporate","0","0","0","79","0","43288","Not_Canceled"
"BID12696","2","0","2","1","Not Selected","0","Room_Type 1","8","Online","0","0","0","77.92","0","12/27/2017","Not_Canceled"
"BID23254","1","0","0","1","Meal Plan 1","0","Room_Type 1","2","Offline","0","0","0","95","0","11/24/2018","Not_Canceled"
"BID20151","2","0","1","2","Meal Plan 1","0","Room_Type 1","29","Online","0","0","0","104","0","12/23/2018","Not_Canceled"
"BID10335","2","0","2","1","Meal Plan 2","0","Room_Type 1","124","Offline","0","0","0","94.5","0","42955","Canceled"
"BID24967","2","0","0","1","Meal Plan 1","0","Room_Type 4","0","Online","0","0","0","106","0","2/13/2018","Not_Canceled"
"BID27464","2","0","0","4","Meal Plan 1","0","Room_Type 1","41","Online","0","0","0","74.88","0","10/27/2017","Not_Canceled"
"BID31908","2","0","2","5","Not Selected","0","Room_Type 1","127","Online","0","0","0","81.96","1","6/29/2018","Not_Canceled"
"BID24551","1","0","2","1","Meal Plan 1","0","Room_Type 1","116","Offline","0","0","0","61","0","2/28/2018","Canceled"
"BID14005","3","0","1","3","Meal Plan 1","0","Room_Type 1","105","Offline","0","0","0","96.9","1","7/21/2018","Not_Canceled"
"BID02713","2","0","0","3","Meal Plan 1","0","Room_Type 1","42","Offline","0","0","0","72","0","11/22/2018","Not_Canceled"
"BID29064","2","0","1","5","Meal Plan 1","0","Room_Type 5","134","Online","0","0","0","101.18","0","5/30/2018","Not_Canceled"
"BID34055","2","0","0","2","Not Selected","0","Room_Type 1","128","Online","0","0","0","65.83","1","6/30/2018","Not_Canceled"
"BID16163","2","0","0","2","Meal Plan 2","0","Room_Type 1","320","Offline","0","0","0","115","1","8/18/2018","Canceled"
"BID18471","2","0","0","1","Not Selected","0","Room_Type 1","5","Online","0","0","0","118","2","8/17/2018","Not_Canceled"
"BID32505","2","0","0","2","Meal Plan 1","0","Room_Type 4","22","Online","0","0","0","146","0","12/31/2017","Not_Canceled"
"BID19285","2","0","1","3","Meal Plan 1","0","Room_Type 1","53","Online","0","0","0","88.4","0","11/21/2018","Not_Canceled"
"BID04054","2","0","1","2","Not Selected","0","Room_Type 1","52","Online","0","0","0","94.5","0","7/18/2018","Canceled"
"BID21103","1","0","0","1","Meal Plan 1","0","Room_Type 1","9","Offline","0","0","0","95","0","10/30/2017","Not_Canceled"
"BID02680","3","0","2","3","Meal Plan 1","0","Room_Type 4","179","Online","0","0","0","130.05","1","43198","Canceled"
"BID25384","2","0","1","1","Meal Plan 1","0","Room_Type 1","3","Corporate","0","0","0","120","0","9/19/2017","Not_Canceled"
"BID34625","2","0","0","3","Meal Plan 1","0","Room_Type 1","204","Offline","0","0","0","100","0","43225","Canceled"
"BID35589","1","0","0","2","Meal Plan 1","0","Room_Type 1","192","Offline","0","0","0","95","0","6/24/2018","Not_Canceled"
"BID26306","2","0","0","3","Meal Plan 1","0","Room_Type 4","56","Offline","0","0","0","60","1","11/19/2017","Not_Canceled"
"BID31353","2","0","1","0","Not Selected","0","Room_Type 1","0","Online","0","0","0","140","0","10/30/2018","Not_Canceled"
"BID20372","2","0","0","2","Meal Plan 1","0","Room_Type 1","97","Online","0","0","0","96.3","2","43316","Not_Canceled"
